Naam,SRT_OBJECT,cell_area,area_m2,area_prop,BH_DOELST
Ruykhoven veld,botanisch weiland,518893.71581427474,23.730225644481834,4.573234348626316e-5,botanisch beheer (BB)
Ruykhoven veld,haag,518893.71581427474,310.25652489613276,5.979192182145861e-4,beheer KLE's (KLE)
Ruykhoven veld,fauna akkerland,518893.71581427474,7042.1035100054,0.013571379447050285,soortenbescherming (SB)
Ruykhoven veld,bloemenstrook,518893.71581427474,2528.004279330373,0.004871911534645006,perceelsrandenbeheer (PR)
Membruggen,fauna akkerland,2351154.674118727,38509.42350575747,0.0163789409219501,soortenbescherming (SB)
Membruggen,bufferstrook fauna,2351154.674118727,1070.7183771004056,4.554010796851289e-4,perceelsrandenbeheer (PR)
Membruggen,haag,2351154.674118727,336.07252218824397,1.4293935056153317e-4,beheer KLE's (KLE)
Membruggen,faunastrook,2351154.674118727,7630.672451240709,0.003245499981450978,soortenbescherming (SB)
Geestelijke Hoek,faunastrook,140874.09727440058,2610.808613284258,0.018532921692472774,soortenbescherming (SB)
Geestelijke Hoek,fauna akkerland,140874.09727440058,1569.459912962513,0.011140869353046869,soortenbescherming (SB)
Blauwe Kapel,faunastrook,3410970.5820008884,135386.5124817532,0.039691492267967594,soortenbescherming (SB)
Blauwe Kapel,fauna akkerland,3410970.5820008884,106859.25368914669,0.0313281076808533,soortenbescherming (SB)
Blauwe Kapel,erosiestrook fauna,3410970.5820008884,20472.569815541618,0.006001977831052512,erosiebestrijding (ER)
Blauwe Kapel,bloemenstrook,3410970.5820008884,12570.992035337025,0.003685458942880367,perceelsrandenbeheer (PR)
Blauwe Kapel,erosiestrook,3410970.5820008884,4508.879263100913,0.0013218757402639301,erosiebestrijding (ER)
Waelweg,erosiestrook fauna,284489.7591339997,1936.360685070511,0.0068064337042039215,erosiebestrijding (ER)
Waelweg,fauna akkerland,284489.7591339997,3349.873500149697,0.011775023151437403,soortenbescherming (SB)
Waelweg,erosiestrook,284489.7591339997,9426.49132725272,0.033134729896595945,erosiebestrijding (ER)
Ilsenberg,bufferstrook fauna,572539.583837471,2983.7222680564737,0.005211381627201997,perceelsrandenbeheer (PR)
Ilsenberg,erosiestrook,572539.583837471,4723.4468846623495,0.00824999182240509,erosiebestrijding (ER)
Ilsenberg,faunastrook,572539.583837471,21069.824278182634,0.03680064203938746,soortenbescherming (SB)
Ilsenberg,fauna akkerland,572539.583837471,45999.06699851109,0.08034216025763735,soortenbescherming (SB)
Ilsenberg,erosiestrook fauna,572539.583837471,7219.028679544106,0.01260878528460558,erosiebestrijding (ER)
Populieren,faunastrook,523345.71200196334,3392.7841430735425,0.00648287368228368,soortenbescherming (SB)
Babelom,erosiestrook fauna,903575.1145202736,782.4455969240516,8.659441637450007e-4,erosiebestrijding (ER)
Babelom,fauna akkerland,903575.1145202736,7229.527264114469,0.008001025203037793,soortenbescherming (SB)
Babelom,erosiestrook,903575.1145202736,1410.9565384594025,0.0015615265579868344,erosiebestrijding (ER)
Grijpenveld,erosiestrook,1295620.2918225755,7427.426592997508,0.005732718636684206,erosiebestrijding (ER)
Grijpenveld,bufferstrook fauna,1295620.2918225755,4711.9085771187165,0.0036367974528172743,perceelsrandenbeheer (PR)
Grijpenveld,faunastrook,1295620.2918225755,6736.741784509737,0.005199626639864543,soortenbescherming (SB)
Grijpenveld,bufferstrook,1295620.2918225755,825.8307531942264,6.37401836330082e-4,perceelsrandenbeheer (PR)
Wolvengracht,erosiestrook,1063313.9131439538,2101.189968841287,0.001976076813129053,erosiebestrijding (ER)
Wolvengracht,fauna akkerland,1063313.9131439538,44180.14078344303,0.04154948057889451,soortenbescherming (SB)
Wolvengracht,erosie akkerland,1063313.9131439538,9259.55054788012,0.008708200309823786,erosiebestrijding (ER)
Wolvengracht,faunastrook,1063313.9131439538,1034.99807492306,9.733701987053184e-4,soortenbescherming (SB)
Langveld - Overhespen,erosiestrook,3652265.6184253017,3168.0832404914545,8.674295824785587e-4,erosiebestrijding (ER)
Langveld - Overhespen,faunastrook,3652265.6184253017,97249.24958740217,0.026627102118966864,soortenbescherming (SB)
Langveld - Overhespen,fauna akkerland,3652265.6184253017,139800.34045910908,0.03827770350377334,soortenbescherming (SB)
Langveld - Overhespen,bufferstrook fauna,3652265.6184253017,7324.63571513705,0.002005504659405116,perceelsrandenbeheer (PR)
Langveld - Overhespen,bloemenstrook,3652265.6184253017,190.09886535140686,5.204957284387471e-5,perceelsrandenbeheer (PR)
Langveld - Overhespen,erosiestrook fauna,3652265.6184253017,2708.2401264936198,7.415233198896676e-4,erosiebestrijding (ER)
Langveld - Overhespen,haag,3652265.6184253017,56.214318034413736,1.539162917144315e-5,beheer KLE's (KLE)
Tiens Veld,erosiestrook,1674811.5127787902,3956.7754133224953,0.0023625198317138076,erosiebestrijding (ER)
Tiens Veld,faunastrook,1674811.5127787902,84117.41612039895,0.05022500471162525,soortenbescherming (SB)
Tiens Veld,bufferstrook fauna,1674811.5127787902,9629.556313264937,0.005749635848447151,perceelsrandenbeheer (PR)
Tiens Veld,fauna akkerland,1674811.5127787902,72069.0695322535,0.04303115245051006,soortenbescherming (SB)
Boonveld - Vogelzang,faunastrook,2658245.6598114013,108508.74387420592,0.040819682512678104,soortenbescherming (SB)
Boonveld - Vogelzang,fauna akkerland,2658245.6598114013,103340.96985336138,0.03887562816925403,soortenbescherming (SB)
Boonveld - Vogelzang,erosiestrook,2658245.6598114013,2061.957126434194,7.756834357365176e-4,erosiebestrijding (ER)
Boonveld - Vogelzang,bloemenstrook,2658245.6598114013,18664.425468891975,0.007021332057856605,perceelsrandenbeheer (PR)
Boonveld - Vogelzang,bufferstrook fauna,2658245.6598114013,4506.918786171387,0.001695448563806231,perceelsrandenbeheer (PR)
Boonveld - Vogelzang,erosiestrook fauna,2658245.6598114013,2113.1748482538387,7.949509257935797e-4,erosiebestrijding (ER)
Corsendonk,fauna akkerland,2942075.5339125027,24956.04186873976,0.008482461303619935,soortenbescherming (SB)
Grootrees,fauna akkerland,2566998.5754618645,3025.389900121372,0.0011785709306741754,soortenbescherming (SB)
Guldenagel,fauna akkerland,445926.9470652547,13812.66174987331,0.030975167212426918,soortenbescherming (SB)
Roosburg,bufferstrook fauna,204767.1695120181,336.9597922451794,0.0016455752797100746,perceelsrandenbeheer (PR)
Roosburg,fauna akkerland,204767.1695120181,3261.4329459308356,0.015927518819072298,soortenbescherming (SB)
Roosburg,erosiestrook,204767.1695120181,3730.408403952373,0.018217805192318342,erosiebestrijding (ER)
Nerem,haag,779689.5732593202,226.45583308814093,2.9044358274728785e-4,beheer KLE's (KLE)
Nerem,bufferstrook fauna,779689.5732593202,1798.6517505469965,0.0023068818825268235,perceelsrandenbeheer (PR)
Plein,bufferstrook fauna,3044895.383217428,2141.0019089958514,7.031446534407807e-4,perceelsrandenbeheer (PR)
Plein,fauna akkerland,3044895.383217428,68565.53957971359,0.02251819223662881,soortenbescherming (SB)
Plein,faunastrook,3044895.383217428,125514.43852436599,0.041221264683235045,soortenbescherming (SB)
Plein,erosiestrook fauna,3044895.383217428,6658.683727565804,0.002186834977735695,erosiebestrijding (ER)
Plein,bloemenstrook,3044895.383217428,28941.87142018613,0.009505046242214184,perceelsrandenbeheer (PR)
Plein,haag,3044895.383217428,432.2334861300769,1.4195347679674692e-4,beheer KLE's (KLE)
Kortrijk-Dutsel,faunastrook,5360743.383345965,185783.3844577131,0.0346562726794347,soortenbescherming (SB)
Kortrijk-Dutsel,fauna akkerland,5360743.383345965,162297.57896063718,0.03027520016437299,soortenbescherming (SB)
Kortrijk-Dutsel,bufferstrook fauna,5360743.383345965,14233.820914361902,0.0026551953519322745,perceelsrandenbeheer (PR)
Kortrijk-Dutsel,bloemenstrook,5360743.383345965,61166.2791308506,0.01141003677230172,perceelsrandenbeheer (PR)
Kortrijk-Dutsel,erosiestrook,5360743.383345965,5036.261526476766,9.394707349959606e-4,erosiebestrijding (ER)
Kortrijk-Dutsel,erosiestrook fauna,5360743.383345965,10178.13244068923,0.0018986419816903156,erosiebestrijding (ER)
Kortrijk-Dutsel,bufferstrook,5360743.383345965,6155.677554802533,0.0011482880478715252,perceelsrandenbeheer (PR)
Waanveld,fauna akkerland,2265292.7583462843,117899.48667018456,0.05204602638479889,soortenbescherming (SB)
Waanveld,faunastrook,2265292.7583462843,141352.78337130597,0.06239934456617287,soortenbescherming (SB)
Waanveld,erosiestrook fauna,2265292.7583462843,3672.398005695696,0.0016211582331533303,erosiebestrijding (ER)
Waanveld,bloemenstrook,2265292.7583462843,20952.43741822493,0.009249328741738746,perceelsrandenbeheer (PR)
Waanveld,bufferstrook fauna,2265292.7583462843,1288.0165032185614,5.685872161436843e-4,perceelsrandenbeheer (PR)
Waanveld,erosiestrook,2265292.7583462843,3187.7849994960707,0.001407228707084742,erosiebestrijding (ER)
Kalemberg - Muizenakkersveld,fauna akkerland,2042790.463482013,54463.94308093286,0.026661541677699546,soortenbescherming (SB)
Kalemberg - Muizenakkersveld,faunastrook,2042790.463482013,70108.74891437468,0.03432008821642514,soortenbescherming (SB)
Kalemberg - Muizenakkersveld,bloemenstrook,2042790.463482013,7235.220997391269,0.003541832178449944,perceelsrandenbeheer (PR)
Kalemberg - Muizenakkersveld,erosiestrook fauna,2042790.463482013,3393.097750295943,0.001661011156529623,erosiebestrijding (ER)
Kalemberg - Muizenakkersveld,bufferstrook fauna,2042790.463482013,245.13136786757968,1.1999829265393381e-4,perceelsrandenbeheer (PR)
Nijvelberg,faunastrook,595575.6324943807,43541.84030617506,0.0731088344293298,soortenbescherming (SB)
Nijvelberg,fauna akkerland,595575.6324943807,31357.78682070074,0.05265122531855197,soortenbescherming (SB)
Nijvelberg,bloemenstrook,595575.6324943807,9379.08997446741,0.015747941088835433,perceelsrandenbeheer (PR)
Blereberg,faunastrook,305427.52601441357,10156.522516414523,0.033253461627866576,soortenbescherming (SB)
Blereberg,bloemenstrook,305427.52601441357,7548.173785537947,0.024713469293470746,perceelsrandenbeheer (PR)
Blereberg,fauna akkerland,305427.52601441357,5590.540778149734,0.018303984749186975,soortenbescherming (SB)
Kerkom,bufferstrook fauna,568390.1565703815,2984.0601539045456,0.005250020816528763,perceelsrandenbeheer (PR)
Kerkom,fauna akkerland,568390.1565703815,49976.51386899091,0.08792642393834721,soortenbescherming (SB)
Kerkom,faunastrook,568390.1565703815,26173.07952091552,0.04604773537747677,soortenbescherming (SB)
Kerkom,bloemenstrook,568390.1565703815,3824.547572339565,0.006728736464080525,perceelsrandenbeheer (PR)
Neerlinter,fauna akkerland,3406259.273889289,215174.0876053818,0.06317020235505873,soortenbescherming (SB)
Neerlinter,haag,3406259.273889289,269.5255322930552,7.91265463434054e-5,beheer KLE's (KLE)
Neerlinter,bufferstrook fauna,3406259.273889289,1369.5299344530504,4.0206273930795417e-4,perceelsrandenbeheer (PR)
Neerlinter,heg,3406259.273889289,18.501873936504126,5.4317280185716945e-6,beheer KLE's (KLE)
Neerlinter,erosiestrook,3406259.273889289,380.46768465294736,1.1169663083765403e-4,erosiebestrijding (ER)
Neerlinter,bufferstrook,3406259.273889289,4146.058524327818,0.0012171881794523004,perceelsrandenbeheer (PR)
Neerlinter,bloemenstrook,3406259.273889289,7217.649806526839,0.0021189372934273675,perceelsrandenbeheer (PR)
Vilderveld,fauna akkerland,1137157.7229176313,36882.84838075668,0.03243424165130367,soortenbescherming (SB)
Vilderveld,faunastrook,1137157.7229176313,78475.91652683972,0.06901058221325032,soortenbescherming (SB)
Vilderveld,bufferstrook fauna,1137157.7229176313,62.80271784681827,5.522779873110646e-5,perceelsrandenbeheer (PR)
Nijssem Veld,erosiestrook fauna,2766865.04850253,14212.697438288189,0.005136751228969522,erosiebestrijding (ER)
Nijssem Veld,fauna akkerland,2766865.04850253,65393.98060219042,0.023634683822972374,soortenbescherming (SB)
Nijssem Veld,erosiestrook,2766865.04850253,3239.3498543009882,0.0011707653960406107,erosiebestrijding (ER)
Nijssem Veld,bufferstrook fauna,2766865.04850253,4795.610831809921,0.0017332290327659384,perceelsrandenbeheer (PR)
Nijssem Veld,haag,2766865.04850253,2296.274492126881,8.299192233353267e-4,beheer KLE's (KLE)
Mettekoven,fauna akkerland,4388027.061140601,49864.76079005872,0.011363822532374524,soortenbescherming (SB)
Mettekoven,erosiestrook fauna,4388027.061140601,38025.33580480132,0.008665702210805695,erosiebestrijding (ER)
Mettekoven,erosiestrook,4388027.061140601,13766.400268565747,0.0031372642139055953,erosiebestrijding (ER)
Mettekoven,haag,4388027.061140601,4096.553233249917,9.335751981860113e-4,beheer KLE's (KLE)
Mettekoven,bufferstrook fauna,4388027.061140601,6769.702481112249,0.0015427668031182489,perceelsrandenbeheer (PR)
Mettekoven,faunastrook,4388027.061140601,79353.7139616201,0.018084144162272626,soortenbescherming (SB)
Bosberg,fauna akkerland,2359502.3383946903,67440.1212453852,0.028582349823509278,soortenbescherming (SB)
Bosberg,faunastrook,2359502.3383946903,29500.474778633652,0.012502837695301704,soortenbescherming (SB)
Bosberg,erosiestrook fauna,2359502.3383946903,5214.441755721838,0.0022099752438768643,erosiebestrijding (ER)
Bosberg,bufferstrook fauna,2359502.3383946903,10322.843449543434,0.004375008781117241,perceelsrandenbeheer (PR)
Bosberg,erosiestrook,2359502.3383946903,7813.298268346582,0.003311417895717125,erosiebestrijding (ER)
Wagelberg - Rumsdorpveld,faunastrook,1756428.3519359976,68156.7151132015,0.03880415334794428,soortenbescherming (SB)
Wagelberg - Rumsdorpveld,fauna akkerland,1756428.3519359976,26089.52488341462,0.014853737048059956,soortenbescherming (SB)
Wagelberg - Rumsdorpveld,bloemenstrook,1756428.3519359976,8610.342116341926,0.004902188072090331,perceelsrandenbeheer (PR)
Honsberg,fauna akkerland,4693342.108637609,125425.41593877973,0.026724115360767603,soortenbescherming (SB)
Honsberg,erosiestrook,4693342.108637609,23407.789367597914,0.004987445795719496,erosiebestrijding (ER)
Honsberg,haag,4693342.108637609,1021.5362421244527,2.1765646281024802e-4,beheer KLE's (KLE)
Honsberg,erosiestrook fauna,4693342.108637609,1061.5955465901643,2.2619181001879405e-4,erosiebestrijding (ER)
Honsberg,faunastrook,4693342.108637609,24495.121946919244,0.00521912133825457,soortenbescherming (SB)
Meerberg,fauna akkerland,3727382.388459049,31132.196935503045,0.00835229490590943,soortenbescherming (SB)
Meerberg,bufferstrook fauna,3727382.388459049,1033.8501080684364,2.773662587636586e-4,perceelsrandenbeheer (PR)
Meerberg,faunastrook,3727382.388459049,4769.49799062268,0.0012795837651082683,soortenbescherming (SB)
Meerberg,erosiestrook fauna,3727382.388459049,1389.0711835101247,3.7266667026464805e-4,erosiebestrijding (ER)
Gremeswinkel,bloemenstrook,947538.968533542,397.4908135246951,4.194981174651545e-4,perceelsrandenbeheer (PR)
Gremeswinkel,faunastrook,947538.968533542,8668.213813395472,0.009148134378906683,soortenbescherming (SB)
Gremeswinkel,fauna akkerland,947538.968533542,10049.685287393193,0.010606091803217952,soortenbescherming (SB)
Gremeswinkel,bufferstrook fauna,947538.968533542,466.94092346774414,4.927933720661694e-4,perceelsrandenbeheer (PR)
Lammen Doen,fauna akkerland,784756.252205835,15794.271255422384,0.02012634013558605,soortenbescherming (SB)
Lammen Doen,bufferstrook fauna,784756.252205835,1856.127083517611,0.002365227519118592,perceelsrandenbeheer (PR)
Lammen Doen,faunastrook,784756.252205835,2023.4847070814576,0.00257848816290885,soortenbescherming (SB)
Zevenbunder - Blinde Ezel,erosiestrook,1110929.2645663228,2714.8873183816904,0.0024437985432326425,erosiebestrijding (ER)
Zevenbunder - Blinde Ezel,faunastrook,1110929.2645663228,67456.51440198775,0.06072080064280328,soortenbescherming (SB)
Op het Berger Padje - Het Boschveld,faunastrook,2858165.542869256,9394.906188984023,0.0032870406028171002,soortenbescherming (SB)
Op het Berger Padje - Het Boschveld,houtkant,2858165.542869256,298.1932051689073,1.0433027782902912e-4,beheer KLE's (KLE)
Op het Berger Padje - Het Boschveld,haag,2858165.542869256,113.66354559420552,3.9768006397593375e-5,beheer KLE's (KLE)
Op het Berger Padje - Het Boschveld,erosiestrook,2858165.542869256,2463.1411170128267,8.61790921508391e-4,erosiebestrijding (ER)
Op het Berger Padje - Het Boschveld,bloemenstrook,2858165.542869256,2071.174241994333,7.246516029002023e-4,perceelsrandenbeheer (PR)
Op het Berger Padje - Het Boschveld,erosiestrook fauna,2858165.542869256,575.3493710432085,2.0130022646121004e-4,erosiebestrijding (ER)
Groot Bosch Veld,haag,2452195.254794078,1475.5250240375212,6.017159608937535e-4,beheer KLE's (KLE)
Groot Bosch Veld,fauna akkerland,2452195.254794078,95406.64146831958,0.0389066251073597,soortenbescherming (SB)
Groot Bosch Veld,bufferstrook fauna,2452195.254794078,893.2600991395448,3.6426956515522494e-4,perceelsrandenbeheer (PR)
Roesbrugge - Haringe,faunastrook,6568890.544432131,57138.461759338454,0.008698342798202002,soortenbescherming (SB)
Roesbrugge - Haringe,fauna akkerland,6568890.544432131,21078.112544810545,0.0032087781646288204,soortenbescherming (SB)
Roesbrugge - Haringe,haag,6568890.544432131,1845.3379551483586,2.809207951733172e-4,beheer KLE's (KLE)
Roesbrugge - Haringe,bufferstrook,6568890.544432131,5035.59139382634,7.665817172269018e-4,perceelsrandenbeheer (PR)
Roesbrugge - Haringe,kaphaag,6568890.544432131,54.16028552476165,8.244966963358606e-6,beheer KLE's (KLE)
De Moeren,bufferstrook,27822309.799901996,79705.4218932384,0.0028648024720621564,perceelsrandenbeheer (PR)
De Moeren,faunastrook,27822309.799901996,854770.5014209481,0.030722485213070232,soortenbescherming (SB)
De Moeren,fauna akkerland,27822309.799901996,264846.92614375736,0.009519228563283782,soortenbescherming (SB)
De Moeren,bufferstrook fauna,27822309.799901996,147588.31401354788,0.005304675099767157,perceelsrandenbeheer (PR)
De Moeren,fauna vogelakker,27822309.799901996,590088.221007677,0.021209174409011707,soortenbescherming (SB)
Krombeke,bufferstrook,27436439.158874966,13838.60575109102,5.043878205534042e-4,perceelsrandenbeheer (PR)
Krombeke,faunastrook,27436439.158874966,29915.39791189693,0.0010903527873521476,soortenbescherming (SB)
Krombeke,fauna akkerland,27436439.158874966,47823.39087732789,0.0017430611385245408,soortenbescherming (SB)
Krombeke,haag,27436439.158874966,5479.64144768806,1.997213055220958e-4,beheer KLE's (KLE)
Krombeke,heg,27436439.158874966,108.13647683625315,3.941345165459412e-6,beheer KLE's (KLE)
Krombeke,bufferstrook fauna,27436439.158874966,2681.7736599839554,9.7744960432173e-5,perceelsrandenbeheer (PR)
Watou,bufferstrook,11354350.110793412,15579.911221149272,0.0013721534979213874,perceelsrandenbeheer (PR)
Watou,fauna akkerland,11354350.110793412,18006.49103912052,0.0015858671666292555,soortenbescherming (SB)
Watou,haag,11354350.110793412,1290.5701795996383,1.136630601493278e-4,beheer KLE's (KLE)
Watou,bufferstrook fauna,11354350.110793412,3001.498799559961,2.643479169016239e-4,perceelsrandenbeheer (PR)
Wulpen,faunastrook,11063421.320194503,618917.2192049639,0.055942660167450156,soortenbescherming (SB)
Wulpen,fauna akkerland,11063421.320194503,171326.3787592859,0.015485840573255314,soortenbescherming (SB)
Wulpen,bufferstrook,11063421.320194503,50056.08934141157,0.004524467422210722,perceelsrandenbeheer (PR)
Wulpen,bufferstrook fauna,11063421.320194503,102950.06557755246,0.009305445630063244,perceelsrandenbeheer (PR)
Wulpen,haag,11063421.320194503,3.008982018152892,2.719757235187706e-7,beheer KLE's (KLE)
Slijpe,bufferstrook fauna,31991605.340636108,67780.3750744334,0.002118692524264732,perceelsrandenbeheer (PR)
Slijpe,faunastrook,31991605.340636108,675155.3902993092,0.021104142262023937,soortenbescherming (SB)
Slijpe,haag,31991605.340636108,5101.745498929175,1.5947138146421425e-4,beheer KLE's (KLE)
Slijpe,bufferstrook,31991605.340636108,42380.73271614556,0.001324745421959587,perceelsrandenbeheer (PR)
Slijpe,fauna grasland,31991605.340636108,24151.971772026824,7.549471655099692e-4,soortenbescherming (SB)
Slijpe,bloemenstrook,31991605.340636108,16327.490156873208,5.103679538123659e-4,perceelsrandenbeheer (PR)
Slijpe,botanisch weiland,31991605.340636108,12187.982779929414,3.8097440407118603e-4,botanisch beheer (BB)
Stalhille,bufferstrook fauna,7460882.421550729,199233.05920402549,0.026703685696552674,perceelsrandenbeheer (PR)
Stalhille,fauna akkerland,7460882.421550729,114719.41391035041,0.015376118725445108,soortenbescherming (SB)
Stalhille,faunastrook,7460882.421550729,196414.6173159168,0.026325923157369962,soortenbescherming (SB)
Stalhille,haag,7460882.421550729,2040.6814621699762,2.7351744027964784e-4,beheer KLE's (KLE)
Stalhille,fauna grasland,7460882.421550729,14872.095758583338,0.001993342733243637,soortenbescherming (SB)
Stalhille,bloemenstrook,7460882.421550729,11247.272399816604,0.001507498947755684,perceelsrandenbeheer (PR)
Stalhille,botanisch weiland,7460882.421550729,8462.93315019161,0.0011343072671600428,botanisch beheer (BB)
Vlissegem,bufferstrook fauna,12822294.691368371,25081.985156167015,0.0019561229686174304,perceelsrandenbeheer (PR)
Vlissegem,faunastrook,12822294.691368371,856748.9138715726,0.0668171286414368,soortenbescherming (SB)
Vlissegem,fauna akkerland,12822294.691368371,223115.96253945227,0.01740062663585856,soortenbescherming (SB)
Vlissegem,fauna grasland,12822294.691368371,18988.414112112187,0.0014808904778093022,soortenbescherming (SB)
Vlissegem,bufferstrook,12822294.691368371,23046.765570804004,0.0017973979015096632,perceelsrandenbeheer (PR)
Vlissegem,heg,12822294.691368371,115.06950748034413,8.974174299535158e-6,beheer KLE's (KLE)
Vlissegem,bloemenstrook,12822294.691368371,8102.869469476718,6.319359884101989e-4,perceelsrandenbeheer (PR)
Vlissegem,haag,12822294.691368371,389.8879519809404,3.040703410469911e-5,beheer KLE's (KLE)
Moere-Blote,faunastrook,5914036.910154611,287418.6513226873,0.04859940099954048,soortenbescherming (SB)
Moere-Blote,fauna akkerland,5914036.910154611,69721.53602781723,0.011789161462300461,soortenbescherming (SB)
Moere-Blote,bufferstrook fauna,5914036.910154611,17553.28643017907,0.0029680718427778923,perceelsrandenbeheer (PR)
Moere-Blote,bufferstrook,5914036.910154611,12119.947384103261,0.002049352678758714,perceelsrandenbeheer (PR)
Sint-Denijs,bufferstrook fauna,17139347.772184055,9695.552981792369,5.656897281428389e-4,perceelsrandenbeheer (PR)
Sint-Denijs,erosiestrook,17139347.772184055,8069.931451804005,4.7084238904942057e-4,erosiebestrijding (ER)
Sint-Denijs,faunastrook,17139347.772184055,197226.87722610237,0.011507256859924833,soortenbescherming (SB)
Sint-Denijs,fauna akkerland,17139347.772184055,88236.32309935632,0.005148172746839154,soortenbescherming (SB)
Sint-Denijs,erosiestrook fauna,17139347.772184055,14988.006300345354,8.744793850714568e-4,erosiebestrijding (ER)
Sint-Denijs,bloemenstrook,17139347.772184055,705.5971838992555,4.116826341807415e-5,perceelsrandenbeheer (PR)
Nukerke,heg,3722271.4369117282,99.01567075782395,2.6600873266774623e-5,beheer KLE's (KLE)
Nukerke,haag,3722271.4369117282,205.3212614764807,5.516020659869727e-5,beheer KLE's (KLE)
Nukerke,bufferstrook fauna,3722271.4369117282,12780.224568762816,0.003433447771172281,perceelsrandenbeheer (PR)
Nukerke,fauna akkerland,3722271.4369117282,21078.51608127728,0.005662810044494116,soortenbescherming (SB)
Schorisse,houtkant,14033366.596193152,497.70179467902926,3.546560201840957e-5,beheer KLE's (KLE)
Schorisse,erosiestrook,14033366.596193152,6067.939630307137,4.323937231108318e-4,erosiebestrijding (ER)
Schorisse,faunastrook,14033366.596193152,5701.842748405863,4.063061211521837e-4,soortenbescherming (SB)
Schorisse,bufferstrook,14033366.596193152,970.2429522113889,6.913828877488228e-5,perceelsrandenbeheer (PR)
Schorisse,heg,14033366.596193152,39.898034629808535,2.8430836147779197e-6,beheer KLE's (KLE)
Schorisse,fauna akkerland,14033366.596193152,13732.25565666196,9.78543214312318e-4,soortenbescherming (SB)
Schorisse,bufferstrook fauna,14033366.596193152,3640.8507776128827,2.594424333360279e-4,perceelsrandenbeheer (PR)
Mater,faunastrook,3918760.7991320007,3148.228151431307,8.033733909272122e-4,soortenbescherming (SB)
Mater,fauna akkerland,3918760.7991320007,10550.691850569143,0.002692354137283935,soortenbescherming (SB)
Mater,bufferstrook fauna,3918760.7991320007,1785.058128444085,4.555159704668559e-4,perceelsrandenbeheer (PR)
Mater,erosiestrook,3918760.7991320007,1004.8833508572425,2.5642885656093693e-4,erosiebestrijding (ER)
Slependammepolder,bufferstrook fauna,13883594.023929616,13570.364310702891,9.774388596578921e-4,perceelsrandenbeheer (PR)
Slependammepolder,faunastrook,13883594.023929616,54201.92400436139,0.0039040268615561304,soortenbescherming (SB)
Slependammepolder,fauna akkerland,13883594.023929616,72079.49016758607,0.005191702526258736,soortenbescherming (SB)
Slependammepolder,houtkant,13883594.023929616,459.800425269641,3.311825630143995e-5,beheer KLE's (KLE)
Slependammepolder,bufferstrook,13883594.023929616,528.0410117062274,3.803345234642424e-5,perceelsrandenbeheer (PR)
Slependammepolder,kaphaag,13883594.023929616,426.40722356430655,3.071302883312171e-5,beheer KLE's (KLE)
Kaleshoek,houtkant,4889048.814875915,519.9325153051905,1.0634635385991467e-4,beheer KLE's (KLE)
Kaleshoek,kaphaag,4889048.814875915,258.7034457103864,5.291488293658045e-5,beheer KLE's (KLE)
Kaleshoek,fauna akkerland,4889048.814875915,105125.2703846671,0.021502192832438555,soortenbescherming (SB)
Kaleshoek,fauna grasland,4889048.814875915,171891.01142525082,0.035158374958793176,soortenbescherming (SB)
Kaleshoek,bufferstrook fauna,4889048.814875915,2950.182630850264,6.034267078442211e-4,perceelsrandenbeheer (PR)
Kaleshoek,faunastrook,4889048.814875915,14547.010678641775,0.0029754275789555563,soortenbescherming (SB)
Kaleshoek,bufferstrook,4889048.814875915,2996.45640916047,6.128914892490229e-4,perceelsrandenbeheer (PR)
Lapscheure,bufferstrook fauna,3157834.6882216483,18663.686498521725,0.005910279777511812,perceelsrandenbeheer (PR)
Lapscheure,heg,3157834.6882216483,855.2935088973661,2.708480947680733e-4,beheer KLE's (KLE)
Schorre,faunastrook,3996217.868744556,109559.83504087769,0.027415881375681052,soortenbescherming (SB)
Schorre,fauna akkerland,3996217.868744556,50888.35854419012,0.01273413017398301,soortenbescherming (SB)
Schorre,bufferstrook fauna,3996217.868744556,9998.140550987911,0.0025019007670192186,perceelsrandenbeheer (PR)
Schorre,bloemenstrook,3996217.868744556,10666.484986737196,0.0026691450108770366,perceelsrandenbeheer (PR)
"Wannegem-Lede (Kruishoutem, Wortegem-Petegem, Oudenaarde)",botanisch weiland,19421006.44237409,12921.551857226897,6.653389408817539e-4,botanisch beheer (BB)
"Wannegem-Lede (Kruishoutem, Wortegem-Petegem, Oudenaarde)",erosiestrook,19421006.44237409,29989.28777910082,0.001544167541887434,erosiebestrijding (ER)
"Wannegem-Lede (Kruishoutem, Wortegem-Petegem, Oudenaarde)",haag,19421006.44237409,187.48358697170625,9.653649388769143e-6,beheer KLE's (KLE)
Nukerke,houtkant,3722271.4369117282,546.9159243992035,1.4693069370915233e-4,beheer KLE's (KLE)
"Wannegem-Lede (Kruishoutem, Wortegem-Petegem, Oudenaarde)",houtkant,19421006.44237409,5769.164932199106,2.970579794264186e-4,beheer KLE's (KLE)
"Wannegem-Lede (Kruishoutem, Wortegem-Petegem, Oudenaarde)",heg,19421006.44237409,291.5556360312148,1.5012385526791167e-5,beheer KLE's (KLE)
"Wannegem-Lede (Kruishoutem, Wortegem-Petegem, Oudenaarde)",fauna akkerland,19421006.44237409,197180.1077896301,0.010152929425913218,soortenbescherming (SB)
"Wannegem-Lede (Kruishoutem, Wortegem-Petegem, Oudenaarde)",bufferstrook fauna,19421006.44237409,11730.631595451967,6.040176975513105e-4,perceelsrandenbeheer (PR)
"Wannegem-Lede (Kruishoutem, Wortegem-Petegem, Oudenaarde)",bloemenstrook,19421006.44237409,17318.438014577026,8.917374115478621e-4,perceelsrandenbeheer (PR)
"Wannegem-Lede (Kruishoutem, Wortegem-Petegem, Oudenaarde)",bufferstrook,19421006.44237409,1884.8355703724374,9.705138484790227e-5,perceelsrandenbeheer (PR)
Houtem - Alveringem,faunastrook,24661998.024273746,128673.07075813622,0.005217463347109543,soortenbescherming (SB)
Houtem - Alveringem,bufferstrook fauna,24661998.024273746,12897.254142765498,5.229606348225023e-4,perceelsrandenbeheer (PR)
Houtem - Alveringem,heg,24661998.024273746,228.47108263745258,9.264094596576413e-6,beheer KLE's (KLE)
Houtem - Alveringem,bufferstrook,24661998.024273746,11885.916592176174,4.819527023105499e-4,perceelsrandenbeheer (PR)
Houtem - Alveringem,haag,24661998.024273746,576.4582992676894,2.3374355098897756e-5,beheer KLE's (KLE)
Houtem - Alveringem,bloemenstrook,24661998.024273746,1644.9317714897916,6.669904724956817e-5,perceelsrandenbeheer (PR)
Houtem - Alveringem,knotbomenrij,24661998.024273746,93.15685790218413,3.777344309674092e-6,beheer KLE's (KLE)
Passerellenweg,faunastrook,459782.581993953,13593.199760991949,0.029564407816498637,soortenbescherming (SB)
Waatsbrugge,fauna akkerland,1117214.478191813,10410.916415653934,0.009318637216824984,soortenbescherming (SB)
Waatsbrugge,bloemenstrook,1117214.478191813,664.1717643444426,5.944890415485754e-4,perceelsrandenbeheer (PR)
Waatsbrugge,faunastrook,1117214.478191813,2546.4803708909894,0.002279312003736661,soortenbescherming (SB)
Beveren,fauna akkerland,9320430.489047686,36993.0895491432,0.003969032288005719,soortenbescherming (SB)
Beveren,haag,9320430.489047686,4824.102592950268,5.175836672586108e-4,beheer KLE's (KLE)
Beveren,bufferstrook,9320430.489047686,1950.9895636756846,2.0932397553613717e-4,perceelsrandenbeheer (PR)
Beveren,heg,9320430.489047686,220.88376423611908,2.369888005663222e-5,beheer KLE's (KLE)
Kemmel,faunastrook,68306320.79462779,32129.237609585678,4.70369904802611e-4,soortenbescherming (SB)
Kemmel,bloemenstrook,68306320.79462779,4737.824308001465,6.936143321562256e-5,perceelsrandenbeheer (PR)
Kemmel,haag,68306320.79462779,12516.865561867562,1.8324608054210993e-4,beheer KLE's (KLE)
Kemmel,heg,68306320.79462779,1934.275978784641,2.8317671868176064e-5,beheer KLE's (KLE)
Kemmel,fauna akkerland,68306320.79462779,187642.91725760003,0.0027470798467066305,soortenbescherming (SB)
Kemmel,bufferstrook,68306320.79462779,27945.465125480427,4.0911975349253925e-4,perceelsrandenbeheer (PR)
Kemmel,bufferstrook fauna,68306320.79462779,42256.24786234104,6.186286623369773e-4,perceelsrandenbeheer (PR)
Kemmel,knotbomenrij,68306320.79462779,481.9811437435335,7.056171934551637e-6,beheer KLE's (KLE)
Kemmel,erosiestrook,68306320.79462779,46136.30251548105,6.754324047725554e-4,erosiebestrijding (ER)
Kemmel,kaphaag,68306320.79462779,229.241782368332,3.3560844692188664e-6,beheer KLE's (KLE)
Kemmel,houtkant,68306320.79462779,199.59132326079998,2.9220037170629985e-6,beheer KLE's (KLE)
Bree-eik - Kruiskouter,erosiestrook fauna,4801493.709469605,5365.294986350113,0.0011174220588415157,erosiebestrijding (ER)
Bree-eik - Kruiskouter,bufferstrook fauna,4801493.709469605,4217.154522445402,8.783005409604604e-4,perceelsrandenbeheer (PR)
Bree-eik - Kruiskouter,heg,4801493.709469605,209.81392024372553,4.3697635140066136e-5,beheer KLE's (KLE)
Bree-eik - Kruiskouter,erosiestrook,4801493.709469605,1248.5605566037411,2.6003586220290243e-4,erosiebestrijding (ER)
Bree-eik - Kruiskouter,erosiedam,4801493.709469605,33.23589445592222,6.92199062770273e-6,erosiebestrijding (ER)
Bree-eik - Kruiskouter,fauna akkerland,4801493.709469605,10091.912563884398,0.0021018277174831906,soortenbescherming (SB)
Bree-eik - Kruiskouter,haag,4801493.709469605,1570.5737210719913,3.271010681477044e-4,beheer KLE's (KLE)
Bree-eik - Kruiskouter,bloemenstrook,4801493.709469605,3280.4407596928068,6.832125497161547e-4,perceelsrandenbeheer (PR)
Markette - Waardebroeken,kaphaag,3100724.674998805,162.42419678799342,5.238265689876384e-5,beheer KLE's (KLE)
Puit - Manhove,bufferstrook fauna,5094603.382597831,408.7251094831154,8.022707142998422e-5,perceelsrandenbeheer (PR)
Puit - Manhove,haag,5094603.382597831,952.4470071475325,1.8695214045531106e-4,beheer KLE's (KLE)
Kogelhaag,erosiestrook fauna,2480369.1522476133,6072.9162190124625,0.0024483920925679244,erosiebestrijding (ER)
Kogelhaag,erosiestrook,2480369.1522476133,851.2374768512091,3.4318983369062265e-4,erosiebestrijding (ER)
Kogelhaag,haag,2480369.1522476133,97.40283654397354,3.926949198497768e-5,beheer KLE's (KLE)
Kogelhaag,fauna akkerland,2480369.1522476133,4809.622408046387,0.0019390752395417013,soortenbescherming (SB)
Kogelhaag,fauna vogelakker,2480369.1522476133,55382.049859091756,0.022328148134283445,soortenbescherming (SB)
Outgaarden,faunastrook,6035454.535471284,82932.01057832525,0.013740806113428776,soortenbescherming (SB)
Outgaarden,erosiestrook,6035454.535471284,6990.57637087904,0.0011582518482732924,erosiebestrijding (ER)
Outgaarden,bufferstrook fauna,6035454.535471284,4004.4110002401285,6.634812633755414e-4,perceelsrandenbeheer (PR)
Outgaarden,fauna vogelakker,6035454.535471284,186780.64559032797,0.03094723760946085,soortenbescherming (SB)
Outgaarden,fauna hamster,6035454.535471284,121845.61364252222,0.020188307761481266,soortenbescherming (SB)
Outgaarden,fauna akkerland,6035454.535471284,57026.93269425836,0.009448655831818864,soortenbescherming (SB)
Kostersveld,fauna akkerland,1122682.0474290513,35147.68402785089,0.03130689059145401,soortenbescherming (SB)
Kostersveld,faunastrook,1122682.0474290513,8643.6752424476,0.007699130187608922,soortenbescherming (SB)
Kostersveld,bufferstrook fauna,1122682.0474290513,1385.2337660192734,0.0012338611534685774,perceelsrandenbeheer (PR)
Wijngaardveld,fauna akkerland,668356.7998897284,16935.728178323247,0.02533935194662111,soortenbescherming (SB)
Wijngaardveld,bufferstrook fauna,668356.7998897284,1293.5927118657273,0.001935482233560212,perceelsrandenbeheer (PR)
Wijngaardveld,faunastrook,668356.7998897284,8962.230746436864,0.01340935073588768,soortenbescherming (SB)
Astveld,bufferstrook,1070496.1067371862,249.18513116843678,2.3277537358630803e-4,perceelsrandenbeheer (PR)
Astveld,faunastrook,1070496.1067371862,16190.27118718042,0.015124082269227008,soortenbescherming (SB)
Astveld,fauna akkerland,1070496.1067371862,13063.299272793112,0.012203032958811347,soortenbescherming (SB)
Elfbunders,fauna akkerland,4719332.241689935,42377.83317923627,0.008979624872535206,soortenbescherming (SB)
Elfbunders,erosiestrook,4719332.241689935,13027.112630200805,0.0027603720109216036,erosiebestrijding (ER)
Elfbunders,haag,4719332.241689935,0.667638500148314,1.4146884897199795e-7,beheer KLE's (KLE)
Elfbunders,erosiestrook fauna,4719332.241689935,2133.4751233047573,4.520713978257199e-4,erosiebestrijding (ER)
Elfbunders,faunastrook,4719332.241689935,33942.11939844089,0.007192144494214849,soortenbescherming (SB)
Elfbunders,bufferstrook fauna,4719332.241689935,3960.5717264770065,8.392229077431459e-4,perceelsrandenbeheer (PR)
Kempgaard,fauna akkerland,3091905.9247250827,127317.64150349508,0.041177721639385115,soortenbescherming (SB)
Kempgaard,erosiestrook,3091905.9247250827,7816.508921683229,0.002528055222889175,erosiebestrijding (ER)
Kempgaard,erosiestrook fauna,3091905.9247250827,12602.077134718653,0.00407582812722194,erosiebestrijding (ER)
Kempgaard,faunastrook,3091905.9247250827,56742.2916663684,0.01835188167033693,soortenbescherming (SB)
De Kuilen,erosiestrook,3846200.25295652,12718.915796131594,0.003306878206966666,erosiebestrijding (ER)
De Kuilen,erosiestrook fauna,3846200.25295652,1676.9074238794856,4.3599066964609306e-4,erosiebestrijding (ER)
De Kuilen,faunastrook,3846200.25295652,18792.175676062674,0.0048859067235559024,soortenbescherming (SB)
De Kuilen,fauna akkerland,3846200.25295652,81424.9048276213,0.021170219820205963,soortenbescherming (SB)
De Kuilen,fauna hamster,3846200.25295652,13865.184203037992,0.0036049043968472572,soortenbescherming (SB)
De Kuilen,bufferstrook,3846200.25295652,2083.674057359458,5.417487182987332e-4,perceelsrandenbeheer (PR)
Zussen,faunastrook,320949.252966444,5323.544787864201,0.01658687390190246,soortenbescherming (SB)
Zussen,fauna akkerland,320949.252966444,9711.97305516852,0.030260151614012108,soortenbescherming (SB)
Blijdveld,fauna akkerland,3829385.5528623015,192573.75345613642,0.05028842115733052,soortenbescherming (SB)
Blijdveld,bufferstrook fauna,3829385.5528623015,672.804355146247,1.7569512023759388e-4,perceelsrandenbeheer (PR)
Blijdveld,fauna vogelakker,3829385.5528623015,27927.21591427736,0.0072928712788930235,soortenbescherming (SB)
Blijdveld,erosiestrook,3829385.5528623015,535.9349230779335,1.3995324202269085e-4,erosiebestrijding (ER)
Boerendans,faunastrook,2588433.789022643,125346.50970935635,0.04842561947728455,soortenbescherming (SB)
Boerendans,erosiestrook,2588433.789022643,3128.1598163954695,0.0012085145193443869,erosiebestrijding (ER)
Boksberg,bufferstrook fauna,3673681.64486626,3358.5446864131372,0.00091421767346293965,perceelsrandenbeheer (PR)
Boksberg,faunastrook,3673681.64486626,115097.45102045088,0.03133027359115136,soortenbescherming (SB)
Boksberg,fauna akkerland,3673681.64486626,185596.97353056693,0.050520701430383085,soortenbescherming (SB)
Boksberg,fauna vogelakker,3673681.64486626,160163.7306115628,0.04359760754865125,soortenbescherming (SB)
Boksberg,erosiestrook,3673681.64486626,8567.359221942213,0.0023320908151947682,erosiebestrijding (ER)
Zichen,bufferstrook fauna,1739700.4487253688,829.8997480198741,4.7703600273709133e-4,perceelsrandenbeheer (PR)
Zichen,erosiestrook fauna,1739700.4487253688,2234.6253540211474,0.0012844885771331476,erosiebestrijding (ER)
Zichen,erosiestrook,1739700.4487253688,2323.8190021566115,0.001335758120807068,erosiebestrijding (ER)
Zichen,fauna akkerland,1739700.4487253688,5516.718200113275,0.0031710736202633185,soortenbescherming (SB)
Vlijtingen - Rosmeer - Veldwezelt,bufferstrook fauna,12306445.814982446,2862.018603005301,2.3256256485694227e-4,perceelsrandenbeheer (PR)
Vlijtingen - Rosmeer - Veldwezelt,fauna akkerland,12306445.814982446,313318.0128165481,0.025459667033604458,soortenbescherming (SB)
Vlijtingen - Rosmeer - Veldwezelt,faunastrook,12306445.814982446,155679.4965525942,0.012650240280021601,soortenbescherming (SB)
Vlijtingen - Rosmeer - Veldwezelt,erosiestrook fauna,12306445.814982446,6076.468938379505,4.937631083526753e-4,erosiebestrijding (ER)
Vlijtingen - Rosmeer - Veldwezelt,bloemenstrook,12306445.814982446,22115.55802134999,0.0017970710921609446,perceelsrandenbeheer (PR)
Vlijtingen - Rosmeer - Veldwezelt,bufferstrook,12306445.814982446,1139.7600501590641,9.261488388235266e-5,perceelsrandenbeheer (PR)
Vlijtingen - Rosmeer - Veldwezelt,haag,12306445.814982446,412.5114439246836,3.351994963667518e-5,beheer KLE's (KLE)
Wijd Meuleveld,haag,318365.29739992437,172.9364543342026,5.432013342740781e-4,beheer KLE's (KLE)
Wijd Meuleveld,erosiestrook,318365.29739992437,2122.3685069308267,0.00666645681631798,erosiebestrijding (ER)
Wijd Meuleveld,fauna akkerland,318365.29739992437,6948.258583829738,0.021824798872791307,soortenbescherming (SB)
In het Bosveld - Kwekers Bos Veldje,fauna akkerland,494014.01887912303,7056.087813367485,0.014283173237425863,soortenbescherming (SB)
In het Bosveld - Kwekers Bos Veldje,bufferstrook fauna,494014.01887912303,1549.8930290609132,0.0031373462489536074,perceelsrandenbeheer (PR)
De Merkskens,faunastrook,2993655.108304881,266.85009548754897,8.913855665846872e-5,soortenbescherming (SB)
De Merkskens,bloemenstrook,2993655.108304881,2763.2983128539927,9.230516585521687e-4,perceelsrandenbeheer (PR)
De Merkskens,haag,2993655.108304881,561.8094169671858,1.8766671398072414e-4,beheer KLE's (KLE)
Keizersdelle,faunastrook,4203223.9889162425,233966.04359316375,0.05566347266053967,soortenbescherming (SB)
Keizersdelle,fauna akkerland,4203223.9889162425,111811.76140081658,0.02660142825975022,soortenbescherming (SB)
Keizersdelle,bloemenstrook,4203223.9889162425,6570.876263030281,0.0015632943379552116,perceelsrandenbeheer (PR)
Armenberg,erosiestrook fauna,3978511.693221081,6835.399127286462,0.001718079436321171,erosiebestrijding (ER)
Armenberg,bloemenstrook,3978511.693221081,1524.3493029717356,3.8314561336317014e-4,perceelsrandenbeheer (PR)
Armenberg,bufferstrook,3978511.693221081,1395.852394246962,3.508478802828031e-4,perceelsrandenbeheer (PR)
Armenberg,haag,3978511.693221081,352.7654244678688,8.866768572502624e-5,beheer KLE's (KLE)
Waarveld,fauna akkerland,530725.8026236147,30693.63331074821,0.05783331648662242,soortenbescherming (SB)
Waarveld,faunastrook,530725.8026236147,33394.02894977771,0.06292143473088384,soortenbescherming (SB)
Waarveld,erosiestrook,530725.8026236147,2118.872959631728,0.003992406152399587,erosiebestrijding (ER)
Waarveld,bufferstrook fauna,530725.8026236147,4647.267615320732,0.008756438055860885,perceelsrandenbeheer (PR)
Sint-Pieters-Kapelle,bufferstrook fauna,11258566.432023302,82905.84338065058,0.007363801055953034,perceelsrandenbeheer (PR)
Sint-Pieters-Kapelle,bufferstrook,11258566.432023302,219.375901569274,1.9485242894272238e-5,perceelsrandenbeheer (PR)
Sint-Pieters-Kapelle,faunastrook,11258566.432023302,266857.41688905517,0.023702610674305683,soortenbescherming (SB)
Sint-Pieters-Kapelle,fauna akkerland,11258566.432023302,63788.92155398421,0.005665812067560058,soortenbescherming (SB)
Zavelberg,fauna akkerland,4874610.136212248,185720.0998177514,0.03809947762551997,soortenbescherming (SB)
Zavelberg,erosiestrook,4874610.136212248,26201.92960196265,0.005375184654730668,erosiebestrijding (ER)
Keerveld,bufferstrook fauna,3816154.573065658,56682.33159845846,0.014853258827229173,perceelsrandenbeheer (PR)
Keerveld,fauna akkerland,3816154.573065658,108097.25574770763,0.028326225701300434,soortenbescherming (SB)
Keerveld,faunastrook,3816154.573065658,90017.78361427913,0.02358861044298961,soortenbescherming (SB)
Keerveld,erosiestrook fauna,3816154.573065658,54658.08047613023,0.01432281618305135,erosiebestrijding (ER)
Keerveld,erosiedam,3816154.573065658,177.25388617129283,4.644829835309796e-5,erosiebestrijding (ER)
Keerveld,heg,3816154.573065658,409.38271034381796,1.0727623907931636e-4,beheer KLE's (KLE)
Keerveld,erosie akkerland,3816154.573065658,49.248028212809004,1.290514502751031e-5,erosiebestrijding (ER)
Keerveld,bloemenstrook,3816154.573065658,4624.711191773298,0.001211877323946576,perceelsrandenbeheer (PR)
Keerveld,erosiestrook,3816154.573065658,2614.1078993706033,6.850110102512419e-4,erosiebestrijding (ER)
Plateau van Duisburg,bufferstrook fauna,9453217.716561336,101084.44757920787,0.010693125939764977,perceelsrandenbeheer (PR)
Plateau van Duisburg,erosiestrook fauna,9453217.716561336,78621.94915655036,0.008316951065118339,erosiebestrijding (ER)
Plateau van Duisburg,erosiestrook,9453217.716561336,51161.73617947789,0.005412097522079316,erosiebestrijding (ER)
Plateau van Duisburg,bufferstrook,9453217.716561336,18536.315493351547,0.0019608472003006232,perceelsrandenbeheer (PR)
Plateau van Duisburg,faunastrook,9453217.716561336,319376.19643941126,0.03378491916883368,soortenbescherming (SB)
Plateau van Duisburg,heg,9453217.716561336,1745.049472199211,1.8459846419722396e-4,beheer KLE's (KLE)
Plateau van Duisburg,fauna akkerland,9453217.716561336,144659.31594806968,0.015302653581609284,soortenbescherming (SB)
Plateau van Duisburg,bloemenstrook,9453217.716561336,904.3037134075494,9.566094218091226e-5,perceelsrandenbeheer (PR)
Plateau van Duisburg,erosiedam,9453217.716561336,68.17146767716804,7.211456429035447e-6,erosiebestrijding (ER)
Terlanenveld,faunastrook,2816425.5550932474,95191.2090715413,0.03379858874643313,soortenbescherming (SB)
Terlanenveld,fauna akkerland,2816425.5550932474,53306.83192654193,0.018927122653798326,soortenbescherming (SB)
Terlanenveld,erosiestrook fauna,2816425.5550932474,31626.38171236004,0.011229262444081515,erosiebestrijding (ER)
Terlanenveld,botanisch weiland,2816425.5550932474,5850.095794613968,0.002077134893210511,botanisch beheer (BB)
Zwartenhoek,bufferstrook fauna,880185.8458594773,11376.38801274484,0.012924984043155237,perceelsrandenbeheer (PR)
Zwartenhoek,erosiestrook,880185.8458594773,10150.036658206227,0.011531697204577284,erosiebestrijding (ER)
Zwartenhoek,faunastrook,880185.8458594773,18915.568181291783,0.021490425312192165,soortenbescherming (SB)
Zwartenhoek,fauna akkerland,880185.8458594773,26180.3731950887,0.02974414246519073,soortenbescherming (SB)
Smisveld - Remmelenveld,erosiestrook,1910573.196240817,1500.394336039666,7.853110987800908e-4,erosiebestrijding (ER)
Smisveld - Remmelenveld,faunastrook,1910573.196240817,181572.51026739134,0.09503562105060807,soortenbescherming (SB)
Smisveld - Remmelenveld,erosiedam,1910573.196240817,4.069564960689604,2.1300230573195263e-6,erosiebestrijding (ER)
Smisveld - Remmelenveld,bufferstrook fauna,1910573.196240817,1208.6336775775865,6.326026555568013e-4,perceelsrandenbeheer (PR)
Smisveld - Remmelenveld,fauna akkerland,1910573.196240817,66370.14609972743,0.03473834251957225,soortenbescherming (SB)
Smisveld - Remmelenveld,bloemenstrook,1910573.196240817,2665.8010526831495,0.0013952886274801169,perceelsrandenbeheer (PR)
Grote,faunastrook,466388.5694862474,1955.4802086388881,0.004192813324719679,soortenbescherming (SB)
Grote,bufferstrook,466388.5694862474,2070.9386476021027,0.004440371791022571,perceelsrandenbeheer (PR)
Lindeveld,bufferstrook,992578.5676898253,686.9725524186215,6.921089924574074e-4,perceelsrandenbeheer (PR)
Lindeveld,faunastrook,992578.5676898253,3603.979020230472,0.0036309256894580593,soortenbescherming (SB)
Lindeveld,fauna akkerland,992578.5676898253,14341.44435171783,0.01444867420933417,soortenbescherming (SB)
Grote Kouter,fauna akkerland,2272548.3116476517,70030.76254687335,0.030815962058073642,soortenbescherming (SB)
Grote Kouter,fauna vogelakker,2272548.3116476517,90255.6572888108,0.039715616528905956,soortenbescherming (SB)
Grote Kouter,bufferstrook,2272548.3116476517,13.721588402055204,6.037974344363542e-6,perceelsrandenbeheer (PR)
Tiens veld - Vloet Graegt,faunastrook,1230197.763437447,20698.20828917819,0.016825106421379583,soortenbescherming (SB)
Tiens veld - Vloet Graegt,erosiestrook,1230197.763437447,3075.493225162354,0.0024999990380154325,erosiebestrijding (ER)
Tiens veld - Vloet Graegt,bufferstrook fauna,1230197.763437447,2706.2265210409532,0.002199830467484474,perceelsrandenbeheer (PR)
Grote  Dries,erosiestrook,1204132.411267965,3809.280670710592,0.0031635064674485226,erosiebestrijding (ER)
Grote  Dries,fauna akkerland,1204132.411267965,29111.90988863808,0.02417666829346692,soortenbescherming (SB)
Honsem,erosiestrook,5794800.013731132,532.100353886839,9.182376486263456e-5,erosiebestrijding (ER)
Honsem,faunastrook,5794800.013731132,68618.03850588531,0.011841312615325927,soortenbescherming (SB)
Honsem,fauna akkerland,5794800.013731132,192011.2082288965,0.03313508797092466,soortenbescherming (SB)
Honsem,fauna vogelakker,5794800.013731132,445365.69489730976,0.07685609405708368,soortenbescherming (SB)
Honsem,erosiestrook fauna,5794800.013731132,4264.471822991036,7.359135454003779e-4,erosiebestrijding (ER)
Kardenaeker Veld,fauna akkerland,159403.35739137762,6443.8237095340155,0.04042464233493348,soortenbescherming (SB)
Kardenaeker Veld,faunastrook,159403.35739137762,7889.88344306685,0.04949634419364888,soortenbescherming (SB)
Hemelrijk,fauna akkerland,89512.58139849082,4.580303063848987,5.116937744715975e-5,soortenbescherming (SB)
Hemelrijk,erosiestrook,89512.58139849082,1322.1384352006135,0.01477042014144064,erosiebestrijding (ER)
Hemelrijk,bufferstrook fauna,89512.58139849082,6078.3384086163715,0.0679048499512813,perceelsrandenbeheer (PR)
In de Bemden,erosiestrook fauna,481905.96200382244,1762.008433894487,0.003656332506383291,erosiebestrijding (ER)
In de Bemden,faunastrook,481905.96200382244,70.75593155948445,1.468251840364723e-4,soortenbescherming (SB)
Cabon Veld,fauna akkerland,641534.399937124,41219.37447042389,0.0642512302917252,soortenbescherming (SB)
Cabon Veld,heg,641534.399937124,13.839997435391126,2.1573274070334446e-5,beheer KLE's (KLE)
Plattetombe,fauna akkerland,5440653.531772487,169132.23946146484,0.03108675060335334,soortenbescherming (SB)
Terlanenveld,bufferstrook fauna,2816425.5550932474,28419.135188540582,0.010090497558917253,perceelsrandenbeheer (PR)
Zwartenhoek,bufferstrook,880185.8458594773,4675.3177428595955,0.005311739293301492,perceelsrandenbeheer (PR)
Plattetombe,heg,5440653.531772487,162.36333488135824,2.9842616136679925e-5,beheer KLE's (KLE)
Plattetombe,erosiestrook,5440653.531772487,5204.150347743052,9.565303721973295e-4,erosiebestrijding (ER)
Plattetombe,erosiestrook fauna,5440653.531772487,13469.683753863967,0.0024757473849792706,erosiebestrijding (ER)
Plattetombe,fauna hamster,5440653.531772487,33455.8794463863,0.006149239103539618,soortenbescherming (SB)
Plattetombe,bloemenstrook,5440653.531772487,9399.298624570147,0.0017276047022071611,perceelsrandenbeheer (PR)
Plattetombe,fauna vogelakker,5440653.531772487,47096.92178428404,0.008656482444479521,soortenbescherming (SB)
In de Hoven - Lossing,fauna akkerland,2082542.314923781,74371.25275426055,0.035711760678909646,soortenbescherming (SB)
In de Hoven - Lossing,faunastrook,2082542.314923781,61065.94356941946,0.029322786447993215,soortenbescherming (SB)
In de Hoven - Lossing,bloemenstrook,2082542.314923781,24250.667112852447,0.011644741592556787,perceelsrandenbeheer (PR)
In de Hoven - Lossing,bufferstrook fauna,2082542.314923781,11837.911846074043,0.005684355972621521,perceelsrandenbeheer (PR)
In de Hoven - Lossing,knotbomenrij,2082542.314923781,109.51617740094662,5.258773212728443e-5,beheer KLE's (KLE)
Ijzer en Polder,bufferstrook fauna,43265793.46335067,343588.0895434339,0.007941333373083254,perceelsrandenbeheer (PR)
Ijzer en Polder,faunastrook,43265793.46335067,2304712.043378518,0.053268687775962775,soortenbescherming (SB)
Ijzer en Polder,bufferstrook,43265793.46335067,78713.66238887048,0.0018193047229226658,perceelsrandenbeheer (PR)
Ijzer en Polder,fauna akkerland,43265793.46335067,382528.29212308343,0.008841356219367923,soortenbescherming (SB)
Ijzer en Polder,fauna grasland,43265793.46335067,84091.82475634161,0.0019436099057694067,soortenbescherming (SB)
Ijzer en Polder,heg,43265793.46335067,384.8910257896196,8.895965957856541e-6,beheer KLE's (KLE)
Ijzer en Polder,bloemenstrook,43265793.46335067,11930.773717739772,2.757553430251088e-4,perceelsrandenbeheer (PR)
Ijzer en Polder,haag,43265793.46335067,656.2259474642747,1.5167315676763137e-5,beheer KLE's (KLE)
Waaienberg,heg,6590482.135085799,1258.3627099905045,1.9093636614100654e-4,beheer KLE's (KLE)
Waaienberg,bufferstrook,6590482.135085799,1964.1421222343051,2.980270763162815e-4,perceelsrandenbeheer (PR)
Waaienberg,faunastrook,6590482.135085799,6614.411330373725,0.0010036308717325147,soortenbescherming (SB)
Waaienberg,bufferstrook fauna,6590482.135085799,7204.124988670708,0.0010931104646074456,perceelsrandenbeheer (PR)
Waaienberg,erosiestrook,6590482.135085799,880.3768840860575,1.3358307723788349e-4,erosiebestrijding (ER)
Eggewaartskapelle,bufferstrook fauna,26073141.4387505,134255.42235115296,0.005149184752690348,perceelsrandenbeheer (PR)
Eggewaartskapelle,fauna akkerland,26073141.4387505,104955.5326137955,0.0040254271952749115,soortenbescherming (SB)
Eggewaartskapelle,heg,26073141.4387505,553.079497486899,2.12126144747905e-5,beheer KLE's (KLE)
Eggewaartskapelle,bufferstrook,26073141.4387505,17181.970758426833,6.589911997673818e-4,perceelsrandenbeheer (PR)
Eggewaartskapelle,fauna grasland,26073141.4387505,9513.974950209325,3.648956138468776e-4,soortenbescherming (SB)
Eggewaartskapelle,haag,26073141.4387505,2009.2873211200729,7.706349178675585e-5,beheer KLE's (KLE)
Kersbeekveld,fauna akkerland,1645080.7232467933,7923.401446840726,0.0048164210636441,soortenbescherming (SB)
Kersbeekveld,bufferstrook fauna,1645080.7232467933,1220.7980931811035,7.420900846565696e-4,perceelsrandenbeheer (PR)
Blakenberg,bufferstrook fauna,2422265.199781781,22174.39462174396,0.009154404160098417,perceelsrandenbeheer (PR)
Blakenberg,faunastrook,2422265.199781781,175689.40872645687,0.07253103778326359,soortenbescherming (SB)
Blakenberg,fauna akkerland,2422265.199781781,65981.12337454,0.027239430009762828,soortenbescherming (SB)
Blakenberg,erosiestrook fauna,2422265.199781781,10866.290465974133,0.004486003624604384,erosiebestrijding (ER)
Blakenberg,erosiedam,2422265.199781781,106.8384910308855,4.41068513226836e-5,erosiebestrijding (ER)
Blakenberg,bloemenstrook,2422265.199781781,1863.3653779907618,7.692656353889863e-4,perceelsrandenbeheer (PR)
Vertrijk,erosiestrook,599816.4151730551,1025.172865296714,0.00170914439712514,erosiebestrijding (ER)
Vertrijk,bufferstrook fauna,599816.4151730551,4157.391795810137,0.006931107069836817,perceelsrandenbeheer (PR)
Vertrijk,fauna akkerland,599816.4151730551,24155.627419553348,0.04027170115473436,soortenbescherming (SB)
Vertrijk,faunastrook,599816.4151730551,10510.851518210897,0.01752344759550866,soortenbescherming (SB)
Linder Pad - Aan Bokken Weyers,fauna akkerland,2267634.1088187564,104323.31589688544,0.04600535663631774,soortenbescherming (SB)
Linder Pad - Aan Bokken Weyers,haag,2267634.1088187564,1148.3666272307978,5.064161906741643e-4,beheer KLE's (KLE)
Linder Pad - Aan Bokken Weyers,bloemenstrook,2267634.1088187564,3939.950123816446,0.0017374717149006122,perceelsrandenbeheer (PR)
Linder Pad - Aan Bokken Weyers,faunastrook,2267634.1088187564,86444.11385403763,0.038120838594665356,soortenbescherming (SB)
Haringsberg,haag,1417591.006245276,2475.4244484308565,0.0017462190699046739,beheer KLE's (KLE)
Haringsberg,fauna akkerland,1417591.006245276,73770.78852495586,0.052039543281492726,soortenbescherming (SB)
Haringsberg,erosiestrook,1417591.006245276,4719.68850737816,0.003329372496429019,erosiebestrijding (ER)
Haringsberg,erosiestrook fauna,1417591.006245276,2710.774765796552,0.0019122403809378608,erosiebestrijding (ER)
Heersveld,erosiestrook fauna,3840061.19003874,5928.905402369681,0.00154396117899097,erosiebestrijding (ER)
Heersveld,faunastrook,3840061.19003874,16492.065845790596,0.00429474037772409,soortenbescherming (SB)
Heersveld,erosiestrook,3840061.19003874,9070.157525793999,0.002361982551039114,erosiebestrijding (ER)
Heersveld,fauna akkerland,3840061.19003874,77306.3315874291,0.020131536390087888,soortenbescherming (SB)
Heersveld,bufferstrook,3840061.19003874,3303.0919626695395,8.60166491939733e-4,perceelsrandenbeheer (PR)
Heiselt,fauna akkerland,4998205.106081412,93316.49412079617,0.018670000958395282,soortenbescherming (SB)
Heiselt,faunastrook,4998205.106081412,81056.3706721438,0.01621709572772853,soortenbescherming (SB)
Heiselt,erosiestrook,4998205.106081412,9928.000201529241,0.001986313084561026,erosiebestrijding (ER)
Heiselt,bufferstrook fauna,4998205.106081412,4073.2198181864223,8.149365085539322e-4,perceelsrandenbeheer (PR)
Heiselt,erosiestrook fauna,4998205.106081412,2684.2915874477476,5.370511074428935e-4,erosiebestrijding (ER)
Heiselt,bufferstrook,4998205.106081412,3424.2804551321024,6.851020281191971e-4,perceelsrandenbeheer (PR)
Schassenhof,fauna akkerland,1844757.9665750526,25961.453796876012,0.014073094827217698,soortenbescherming (SB)
Schassenhof,faunastrook,1844757.9665750526,13045.035422292043,0.0070714075551662975,soortenbescherming (SB)
Hamelbos,bufferstrook,2127717.8183938153,53.0423282047268,2.4929211827895354e-5,perceelsrandenbeheer (PR)
Hamelbos,faunastrook,2127717.8183938153,13259.702311001485,0.006231889490407638,soortenbescherming (SB)
Hamelbos,haag,2127717.8183938153,226.81321580943404,0.00010659929331261239,beheer KLE's (KLE)
Hamelbos,bufferstrook fauna,2127717.8183938153,5517.185438521265,0.0025930061734812707,perceelsrandenbeheer (PR)
Babelomstraat,faunastrook,395540.7475597388,14426.242223500856,0.03647220245323031,soortenbescherming (SB)
Tombeveld,fauna akkerland,1513290.1462587565,17034.489500129595,0.011256591832202996,soortenbescherming (SB)
Groenendries,fauna akkerland,245789.44917975413,13949.80859368085,0.05675511556836145,soortenbescherming (SB)
Gunningenveld,faunastrook,794156.5517227026,13145.580094770645,0.016552882509443447,soortenbescherming (SB)
Gunningenveld,bloemenstrook,794156.5517227026,2929.0992138506845,0.003688314611894614,perceelsrandenbeheer (PR)
Blauwschuurveld,bufferstrook fauna,904080.2591269927,2623.359490067931,0.0029016887202040296,perceelsrandenbeheer (PR)
Blauwschuurveld,fauna akkerland,904080.2591269927,11691.264945506118,0.012931667103090558,soortenbescherming (SB)
Weterbeek - Galgenberg,fauna akkerland,1996361.4942242084,76934.44609980227,0.038537332202802886,soortenbescherming (SB)
Weterbeek - Galgenberg,faunastrook,1996361.4942242084,130109.22623836716,0.06517317961441045,soortenbescherming (SB)
Weterbeek - Galgenberg,bufferstrook fauna,1996361.4942242084,16418.063139675716,0.008223993093022373,perceelsrandenbeheer (PR)
Weterbeek - Galgenberg,erosiestrook fauna,1996361.4942242084,16656.55150250066,0.00834345460513575,erosiebestrijding (ER)
Weterbeek - Galgenberg,erosie akkerland,1996361.4942242084,6497.078817503527,0.0032544600946775473,erosiebestrijding (ER)
Weterbeek - Galgenberg,bloemenstrook,1996361.4942242084,3163.471973345848,0.001584618809017443,perceelsrandenbeheer (PR)
Drinkeling,faunastrook,517786.0553387755,9186.021579870954,0.017740959775096207,soortenbescherming (SB)
Kiekenbosveld,faunastrook,1249615.061414939,49960.098154211315,0.03998039051933441,soortenbescherming (SB)
Kiekenbosveld,fauna akkerland,1249615.061414939,47950.40571260627,0.03837214130430857,soortenbescherming (SB)
Kiekenbosveld,bloemenstrook,1249615.061414939,11393.41792787303,0.00911754209730176,perceelsrandenbeheer (PR)
Komijn,fauna akkerland,7970952.2611821145,10702.924749420043,0.0013427410425655678,soortenbescherming (SB)
Komijn,haag,7970952.2611821145,440.3600480438221,5.52456009789871e-5,beheer KLE's (KLE)
Keienberg,erosiestrook,9219645.54829902,54021.584923688446,0.0058593993273044175,erosiebestrijding (ER)
Keienberg,erosiestrook fauna,9219645.54829902,21896.881903852045,0.002375024266295347,erosiebestrijding (ER)
Blakenberg,erosie akkerland,2422265.199781781,78668.03743002494,0.032477053890346955,erosiebestrijding (ER)
Gunningenveld,fauna akkerland,794156.5517227026,28347.823555061994,0.03569551053072501,soortenbescherming (SB)
Keienberg,faunastrook,9219645.54829902,365061.8171719423,0.03959607940017764,soortenbescherming (SB)
Keienberg,fauna hamster,9219645.54829902,48990.984899261035,0.0053137601269605894,soortenbescherming (SB)
Keienberg,fauna vogelakker,9219645.54829902,171202.88263406936,0.018569356244465977,soortenbescherming (SB)
Keienberg,bufferstrook fauna,9219645.54829902,16851.109695752995,0.0018277394296206911,perceelsrandenbeheer (PR)
Drie Grachten - Drie Tommen,erosiestrook fauna,5691213.733687604,12951.763350085266,0.0022757471351709736,erosiebestrijding (ER)
Drie Grachten - Drie Tommen,bufferstrook fauna,5691213.733687604,14746.487742946643,0.002591097160111698,perceelsrandenbeheer (PR)
Drie Grachten - Drie Tommen,faunastrook,5691213.733687604,95188.49955736293,0.016725518318512673,soortenbescherming (SB)
Drie Grachten - Drie Tommen,fauna hamster,5691213.733687604,11398.701438549906,0.002002859490424401,soortenbescherming (SB)
Steenberg,faunastrook,825158.7580013955,54140.122059375426,0.06561176444458687,soortenbescherming (SB)
Kranenberg,fauna akkerland,647795.791286204,12949.305944760912,0.019989796350868467,soortenbescherming (SB)
Engelmanshoven,erosiestrook,1020582.1905038804,11853.041013529582,0.01161399946404857,erosiebestrijding (ER)
Horpmaal,faunastrook,9212175.928612612,59710.19308164361,0.006481660092507177,soortenbescherming (SB)
Horpmaal,fauna akkerland,9212175.928612612,79852.87508127208,0.008668188243480302,soortenbescherming (SB)
Horpmaal,erosiestrook fauna,9212175.928612612,4932.488124433963,5.354313858807095e-4,erosiebestrijding (ER)
Horpmaal,erosiestrook,9212175.928612612,17202.670442573028,0.001867384055176616,erosiebestrijding (ER)
Horpmaal,haag,9212175.928612612,1643.7473865980573,1.784320446478503e-4,beheer KLE's (KLE)
Horpmaal,bufferstrook fauna,9212175.928612612,1445.7713870625012,1.5694135655529537e-4,perceelsrandenbeheer (PR)
Horpmaal,fauna hamster,9212175.928612612,6771.507110096514,7.3506055057682e-4,soortenbescherming (SB)
Hongersberg,fauna akkerland,788747.2556176409,10690.513995903078,0.01355378915078659,soortenbescherming (SB)
Hamelsveld,fauna akkerland,973279.760199301,3327.0774372145534,0.0034184183965083785,soortenbescherming (SB)
Hamelsveld,haag,973279.760199301,83.69702944763412,8.599483197975397e-5,beheer KLE's (KLE)
Den Dop - De Steenaerd,faunastrook,8236310.029907966,104050.30079580547,0.012633120950762479,soortenbescherming (SB)
Den Dop - De Steenaerd,bufferstrook fauna,8236310.029907966,5633.660030449973,6.840029102829833e-4,perceelsrandenbeheer (PR)
Den Dop - De Steenaerd,erosiestrook fauna,8236310.029907966,10874.18168062548,0.0013202734769743713,erosiebestrijding (ER)
Den Dop - De Steenaerd,fauna hamster,8236310.029907966,74133.06245993823,0.009000761529221673,soortenbescherming (SB)
Patrijzenkuil,faunastrook,2471841.531345984,26753.6756700852,0.010823378170006354,soortenbescherming (SB)
Patrijzenkuil,fauna akkerland,2471841.531345984,33239.8858679994,0.01344741782451539,soortenbescherming (SB)
Patrijzenkuil,erosiestrook fauna,2471841.531345984,10194.347613960737,0.004124191411416913,erosiebestrijding (ER)
Patrijzenkuil,erosiestrook,2471841.531345984,9718.660536680733,0.003931749027369348,erosiebestrijding (ER)
Patrijzenkuil,fauna hamster,2471841.531345984,32164.968524970696,0.013012552834427055,soortenbescherming (SB)
Patrijzenkuil,houtkant,2471841.531345984,1485.8249835527968,6.011004203589561e-4,beheer KLE's (KLE)
Hersekuilen,erosiestrook,6156926.142370482,26381.42946745467,0.004284837735165285,erosiebestrijding (ER)
Hersekuilen,fauna akkerland,6156926.142370482,128678.1608514809,0.020899740857040466,soortenbescherming (SB)
Hersekuilen,erosiestrook fauna,6156926.142370482,1319.3742156336084,2.142910577656589e-4,erosiebestrijding (ER)
Hersekuilen,bufferstrook,6156926.142370482,255.2896161118988,4.146381005857081e-5,perceelsrandenbeheer (PR)
Hersekuilen,faunastrook,6156926.142370482,112177.4593374469,0.018219718207348412,soortenbescherming (SB)
Hersekuilen,fauna hamster,6156926.142370482,26020.809020206332,0.004226266227417834,soortenbescherming (SB)
Hersekuilen,bufferstrook fauna,6156926.142370482,8162.687588500907,0.0013257731861240397,perceelsrandenbeheer (PR)
Lafelt,fauna akkerland,353417.68170531874,2606.9486448305684,0.007376395635474328,soortenbescherming (SB)
Hulsberg,erosiestrook,1318967.726946796,1720.7163081493345,0.0013045931852574768,erosiebestrijding (ER)
Hulsberg,bufferstrook fauna,1318967.726946796,4548.196560559198,0.0034483001120031655,perceelsrandenbeheer (PR)
Hulsberg,fauna vogelakker,1318967.726946796,26265.815112932207,0.019913917965023648,soortenbescherming (SB)
Galgenberg,faunastrook,2930353.1593670957,111223.28364748658,0.03795559019633962,soortenbescherming (SB)
Galgenberg,fauna akkerland,2930353.1593670957,106497.92567454772,0.03634303439983643,soortenbescherming (SB)
Galgenberg,bufferstrook fauna,2930353.1593670957,2612.6968429148546,8.915979408704276e-4,perceelsrandenbeheer (PR)
Galgenberg,haag,2930353.1593670957,249.27862917254356,8.506777702738851e-5,beheer KLE's (KLE)
Galgenberg,bloemenstrook,2930353.1593670957,2408.934669035836,8.220629180259362e-4,perceelsrandenbeheer (PR)
Walsberg - Orsmaal,haag,4223128.88049881,547.4685345524495,1.2963576297197587e-4,beheer KLE's (KLE)
Walsberg - Orsmaal,fauna akkerland,4223128.88049881,165603.420259136,0.0392134422001291,soortenbescherming (SB)
Walsberg - Orsmaal,erosiestrook,4223128.88049881,7135.380987270306,0.0016895958397621811,erosiebestrijding (ER)
Walsberg - Orsmaal,bufferstrook fauna,4223128.88049881,184.06686692434596,4.358542496164719e-5,perceelsrandenbeheer (PR)
Walsberg - Orsmaal,faunastrook,4223128.88049881,186687.82852493535,0.04420604575602839,soortenbescherming (SB)
Walsberg - Orsmaal,heg,4223128.88049881,0.6630066668440122,1.5699418265579952e-7,beheer KLE's (KLE)
Edelare - Boignenberg,fauna akkerland,3685647.9358000187,2473.031850187108,6.709897128712875e-4,soortenbescherming (SB)
Edelare - Boignenberg,erosiestrook,3685647.9358000187,500.29376834229333,1.357410629167156e-4,erosiebestrijding (ER)
Polders van Assenede,bufferstrook fauna,11983954.195170172,82582.16284420082,0.006891061289059621,perceelsrandenbeheer (PR)
Polders van Assenede,faunastrook,11983954.195170172,318544.00636037195,0.026580876493065453,soortenbescherming (SB)
Polders van Assenede,bufferstrook,11983954.195170172,11904.3237289662,9.933552427765398e-4,perceelsrandenbeheer (PR)
Polders van Assenede,bloemenstrook,11983954.195170172,973.2814632810187,8.12153857925521e-5,perceelsrandenbeheer (PR)
Kobbegem - Hamme,erosiestrook,3923582.7493577767,10303.949563349248,0.0026261583408775636,erosiebestrijding (ER)
Kobbegem - Hamme,erosiestrook fauna,3923582.7493577767,8473.96750375221,0.0021597524622462092,erosiebestrijding (ER)
Kobbegem - Hamme,faunastrook,3923582.7493577767,102434.07729843818,0.026107280983230157,soortenbescherming (SB)
Koolhof,faunastrook,2897818.6616131477,124773.9904335872,0.043057901478254834,soortenbescherming (SB)
Koolhof,erosiestrook,2897818.6616131477,1940.7857267687941,6.697402264945054e-4,erosiebestrijding (ER)
Koolhof,erosiestrook fauna,2897818.6616131477,3978.3469582635807,0.0013728764366673408,erosiebestrijding (ER)
Koolhof,bufferstrook fauna,2897818.6616131477,22373.876356174515,0.007720937356280086,perceelsrandenbeheer (PR)
Koolhof,fauna akkerland,2897818.6616131477,42914.39158263762,0.014809205334728634,soortenbescherming (SB)
Vijfwegen,fauna akkerland,2596864.9719074303,84745.97002695657,0.03263395322580426,soortenbescherming (SB)
Vijfwegen,erosiestrook fauna,2596864.9719074303,14885.317271189822,0.005732033599057855,erosiebestrijding (ER)
Vijfwegen,bufferstrook fauna,2596864.9719074303,18067.86897787401,0.0069575696747154825,perceelsrandenbeheer (PR)
Vijfwegen,bufferstrook,2596864.9719074303,1501.8371514813043,5.783270088079265e-4,perceelsrandenbeheer (PR)
Schrei,faunastrook,2489503.364275695,110856.66005542889,0.04452962853805258,soortenbescherming (SB)
Schrei,fauna akkerland,2489503.364275695,56074.2533237226,0.02252427296479555,soortenbescherming (SB)
Schrei,bufferstrook fauna,2489503.364275695,13902.769040597661,0.005584555233024392,perceelsrandenbeheer (PR)
Schrei,bloemenstrook,2489503.364275695,4893.422083297453,0.0019656217997203484,perceelsrandenbeheer (PR)
De Wijngaard,fauna akkerland,1068090.2114744973,17856.222904712515,0.016717897713959966,soortenbescherming (SB)
Groenendaal Veld - Grootveld,faunastrook,3755619.2772901673,191681.50867271406,0.0510385889836576,soortenbescherming (SB)
Groenendaal Veld - Grootveld,fauna akkerland,3755619.2772901673,111319.03539074532,0.02964066034698452,soortenbescherming (SB)
Groenendaal Veld - Grootveld,erosiestrook fauna,3755619.2772901673,4236.255214424644,0.0011279778118194331,erosiebestrijding (ER)
Groenendaal Veld - Grootveld,bloemenstrook,3755619.2772901673,75925.36493237244,0.020216470128238264,perceelsrandenbeheer (PR)
Drie Grachten - Drie Tommen,fauna akkerland,5691213.733687604,144963.16595431382,0.02547139726913496,soortenbescherming (SB)
Steenberg,fauna akkerland,825158.7580013955,31125.908502724535,0.03772111511985175,soortenbescherming (SB)
Hongersberg,erosiestrook fauna,788747.2556176409,889.418903676793,0.001127634863186078,erosiebestrijding (ER)
Groenendaal Veld - Grootveld,heg,3755619.2772901673,488.5079092899023,1.3007386351536162e-4,beheer KLE's (KLE)
Tisselt - Zemst-Laar,haag,17240145.074342526,408.6578203991762,2.3703850439597352e-5,beheer KLE's (KLE)
Tisselt - Zemst-Laar,knotbomenrij,17240145.074342526,201.90194812572054,1.1711151342119452e-5,beheer KLE's (KLE)
Wimpelse Heide,heg,2309361.268722946,196.36098278697818,8.502826536774988e-5,beheer KLE's (KLE)
Wimpelse Heide,bufferstrook fauna,2309361.268722946,2065.4206402741256,8.943687885682273e-4,perceelsrandenbeheer (PR)
Strateneinde,haag,2052762.0414291965,526.7574325636251,2.566091061372512e-4,beheer KLE's (KLE)
Strateneinde,bufferstrook fauna,2052762.0414291965,8989.022070581443,0.004378988839993849,perceelsrandenbeheer (PR)
Spreet,fauna akkerland,5420617.069772044,10981.376679772511,0.0020258536137905637,soortenbescherming (SB)
Spreet,faunastrook,5420617.069772044,14458.046274385066,0.0026672325471965275,soortenbescherming (SB)
Stalijzer,fauna akkerland,4438866.461372566,30242.080916455034,0.006813018859572476,soortenbescherming (SB)
Stalijzer,bufferstrook fauna,4438866.461372566,4009.5866457152206,9.032906667968097e-4,perceelsrandenbeheer (PR)
Boeshoven - Jesseren,erosiedam,6700211.170188539,35.399746858514845,5.283377786064424e-6,erosiebestrijding (ER)
Boeshoven - Jesseren,bloemenstrook,6700211.170188539,9272.581619859673,0.0013839237875242594,perceelsrandenbeheer (PR)
Boeshoven - Jesseren,botanisch weiland,6700211.170188539,35516.23234459257,0.0053007631315586095,botanisch beheer (BB)
Boeshoven - Jesseren,knotbomenrij,6700211.170188539,113.89459896765584,1.6998658113107042e-5,beheer KLE's (KLE)
Mannekenshaag,bufferstrook fauna,1241591.8966185097,5726.8067725896835,0.00461247112532444,perceelsrandenbeheer (PR)
Mannekenshaag,faunastrook,1241591.8966185097,91145.21827086844,0.07340996547988396,soortenbescherming (SB)
Mannekenshaag,haag,1241591.8966185097,471.71262315905005,3.7992566192141317e-4,beheer KLE's (KLE)
Pijpe,kaphaag,5943715.86287943,468.1820023345763,7.876924353980908e-5,beheer KLE's (KLE)
Pijpe,bloemenstrook,5943715.86287943,1577.8270403346396,2.654613842139927e-4,perceelsrandenbeheer (PR)
Tienbunder - Blokkenberg - Ijzerveld,faunastrook,4119590.8621957633,497655.7136968325,0.12080221807065068,soortenbescherming (SB)
Tienbunder - Blokkenberg - Ijzerveld,fauna akkerland,4119590.8621957633,171284.02066025222,0.04157792032992251,soortenbescherming (SB)
Tienbunder - Blokkenberg - Ijzerveld,bufferstrook fauna,4119590.8621957633,13403.889277823953,0.003253694293000643,perceelsrandenbeheer (PR)
Tienbunder - Blokkenberg - Ijzerveld,erosiestrook,4119590.8621957633,12223.831074987887,0.002967243953073661,erosiebestrijding (ER)
Tienbunder - Blokkenberg - Ijzerveld,bloemenstrook,4119590.8621957633,102692.35796825915,0.024927805066914725,perceelsrandenbeheer (PR)
Tienbunder - Blokkenberg - Ijzerveld,haag,4119590.8621957633,242.70049603908228,5.891373783408231e-5,beheer KLE's (KLE)
Petanenbos,faunastrook,1740491.998939191,82797.18898605742,0.047571140250297794,soortenbescherming (SB)
Petanenbos,fauna akkerland,1740491.998939191,68588.94343636266,0.03940779014104449,soortenbescherming (SB)
Petanenbos,bufferstrook fauna,1740491.998939191,529.9560779193416,3.044863626160554e-4,perceelsrandenbeheer (PR)
Rumpsdorpveld,bufferstrook fauna,228911.26990324073,1693.5746601603705,0.00739838917007552,perceelsrandenbeheer (PR)
Rumpsdorpveld,fauna akkerland,228911.26990324073,22919.647592113062,0.10012459238813819,soortenbescherming (SB)
Langveld,bufferstrook fauna,1633139.664066982,2765.768142594956,0.0016935282410001646,perceelsrandenbeheer (PR)
Langveld,bufferstrook,1633139.664066982,1838.080798749812,0.0011254890437064446,perceelsrandenbeheer (PR)
Langveld,haag,1633139.664066982,215.2347061074379,1.317919776508534e-4,beheer KLE's (KLE)
Sint-Katarina-Houtem,fauna akkerland,7929250.569386944,116547.45103658049,0.014698419480719153,soortenbescherming (SB)
Sint-Katarina-Houtem,fauna hamster,7929250.569386944,34962.930005099624,0.004409361225143224,soortenbescherming (SB)
Sint-Katarina-Houtem,fauna vogelakker,7929250.569386944,86165.7149665085,0.01086681701032062,soortenbescherming (SB)
Kempenberg,faunastrook,8734732.288896233,250263.56293771983,0.02865154359176639,soortenbescherming (SB)
Kempenberg,fauna hamster,8734732.288896233,262721.0348030813,0.03007774321109504,soortenbescherming (SB)
Kempenberg,fauna vogelakker,8734732.288896233,131202.25662950016,0.015020753045435303,soortenbescherming (SB)
Bortombe,faunastrook,2280102.2741756295,109386.2703210284,0.04797428236440709,soortenbescherming (SB)
Bortombe,haag,2280102.2741756295,1734.0084348854855,7.604959016640672e-4,beheer KLE's (KLE)
Bortombe,erosiestrook,2280102.2741756295,2905.123113124937,0.001274119650696495,erosiebestrijding (ER)
Attenhoven,faunastrook,7563527.665283035,198437.15492252127,0.026236058583266324,soortenbescherming (SB)
Attenhoven,fauna akkerland,7563527.665283035,163226.64508496216,0.02158075600545239,soortenbescherming (SB)
Attenhoven,haag,7563527.665283035,2308.840452271571,3.0525973519859823e-4,beheer KLE's (KLE)
Attenhoven,bufferstrook fauna,7563527.665283035,6255.486749230855,8.270594127583942e-4,perceelsrandenbeheer (PR)
Attenhoven,erosiestrook,7563527.665283035,72626.78834325544,0.009602237415831237,erosiebestrijding (ER)
Attenhoven,heg,7563527.665283035,1539.5502875434468,2.035492372970431e-4,beheer KLE's (KLE)
Kruisboomveld,faunastrook,1686651.4743609615,195949.61554845446,0.11617670783034524,soortenbescherming (SB)
Kruisboomveld,erosiestrook,1686651.4743609615,8749.748448158818,0.005187644620815289,erosiebestrijding (ER)
Kruisboomveld,haag,1686651.4743609615,138.20444173543365,8.194013039225935e-5,beheer KLE's (KLE)
Kruisboomveld,bufferstrook fauna,1686651.4743609615,1607.8404135823075,9.53273653759136e-4,perceelsrandenbeheer (PR)
Waasmont,erosiestrook fauna,1394177.9832812035,19700.994728900318,0.014130903632930673,erosiebestrijding (ER)
Waasmont,faunastrook,1394177.9832812035,70217.91032872288,0.05036509769252326,soortenbescherming (SB)
Waasmont,erosiestrook,1394177.9832812035,1538.4101290298859,0.001103453179922718,erosiebestrijding (ER)
Waasmont,fauna akkerland,1394177.9832812035,9722.269564281334,0.0069734780500549385,soortenbescherming (SB)
Grote Hamberg,bloemenstrook,2154109.183981117,18381.73712266382,0.008533335849156732,perceelsrandenbeheer (PR)
Grote Hamberg,erosiestrook,2154109.183981117,43501.082931192475,0.02019446518991946,erosiebestrijding (ER)
Grote Hamberg,fauna akkerland,2154109.183981117,174079.24516517873,0.0808126377528618,soortenbescherming (SB)
Grote Hamberg,bufferstrook fauna,2154109.183981117,15241.616361812183,0.0070756006590359495,perceelsrandenbeheer (PR)
Grote Hamberg,fauna vogelakker,2154109.183981117,29015.547343234066,0.013469859169166617,soortenbescherming (SB)
Capilaeneberg,bloemenstrook,879340.1350166695,11090.590568872401,0.012612401194063727,perceelsrandenbeheer (PR)
Capilaeneberg,haag,879340.1350166695,371.74566705312645,4.227552595971061e-4,beheer KLE's (KLE)
Capilaeneberg,bufferstrook fauna,879340.1350166695,2668.2563500739634,0.0030343848117695455,perceelsrandenbeheer (PR)
Gulden Delle,faunastrook,805692.883412376,30813.247816554867,0.038244408571725945,soortenbescherming (SB)
Gulden Delle,bloemenstrook,805692.883412376,9070.589625294786,0.011258123054131788,perceelsrandenbeheer (PR)
Caremberg - Audenaeken Veld,erosiestrook,3115541.303069968,23376.26935282431,0.007503116498500593,erosiebestrijding (ER)
Caremberg - Audenaeken Veld,haag,3115541.303069968,65.03335573269283,2.0873854462661357e-5,beheer KLE's (KLE)
Caremberg - Audenaeken Veld,erosiestrook fauna,3115541.303069968,1121.9031250504777,3.6009894137657093e-4,erosiebestrijding (ER)
Kester,fauna akkerland,3662768.8859192315,27392.07837566,0.007478516725683474,soortenbescherming (SB)
Kester,bloemenstrook,3662768.8859192315,7035.669776080293,0.0019208609648092981,perceelsrandenbeheer (PR)
Kester,bufferstrook fauna,3662768.8859192315,15240.857560654986,0.004161020811126074,perceelsrandenbeheer (PR)
Kester,erosiestrook fauna,3662768.8859192315,5966.451605596987,0.0016289456942079515,erosiebestrijding (ER)
Tisselt - Zemst-Laar,houtkant,17240145.074342526,244.44016222571372,1.417854438994828e-5,beheer KLE's (KLE)
Tisselt - Zemst-Laar,fauna akkerland,17240145.074342526,47896.38751541205,0.002778189354490605,soortenbescherming (SB)
Tienbunder - Blokkenberg - Ijzerveld,houtkant,4119590.8621957633,977.8789442051202,2.373728306805462e-4,beheer KLE's (KLE)
Grote Hamberg,faunastrook,2154109.183981117,65935.69231007172,0.030609261963320113,soortenbescherming (SB)
Strateneinde,fauna akkerland,2052762.0414291965,11709.680930691997,0.0057043537898525025,soortenbescherming (SB)
Sint-Katarina-Houtem,houtkant,7929250.569386944,146.24045272311196,1.8443161991590165e-5,beheer KLE's (KLE)
Kempenberg,erosiestrook fauna,8734732.288896233,1063.3902795445174,1.2174274429639023e-4,erosiebestrijding (ER)
Oetingen,fauna akkerland,6065200.717343942,90388.99558499813,0.014902886119914109,soortenbescherming (SB)
Oetingen,erosiestrook fauna,6065200.717343942,2464.865473106038,4.0639470777241573e-4,erosiebestrijding (ER)
Galmaarden - Waarbeke,fauna akkerland,14066312.505737312,118800.70790773741,0.00844576059712035,soortenbescherming (SB)
Galmaarden - Waarbeke,bufferstrook fauna,14066312.505737312,15374.018083290197,0.001092967192149293,perceelsrandenbeheer (PR)
Galmaarden - Waarbeke,erosiestrook,14066312.505737312,4657.134471438738,3.3108424610495493e-4,erosiebestrijding (ER)
Galmaarden - Waarbeke,knotbomenrij,14066312.505737312,401.1734212048616,2.8520155587417283e-5,beheer KLE's (KLE)
Galmaarden - Waarbeke,houtkant,14066312.505737312,904.66814091173,6.431452027976326e-5,beheer KLE's (KLE)
Wievelhoven Veld,erosiestrook,723432.3693470298,10319.96336883423,0.01426527731700619,erosiebestrijding (ER)
Wievelhoven Veld,faunastrook,723432.3693470298,58650.22737553134,0.08107216356446567,soortenbescherming (SB)
Wievelhoven Veld,bufferstrook fauna,723432.3693470298,491.5868779370794,6.795201580222154e-4,perceelsrandenbeheer (PR)
Oetingen,haag,6065200.717343942,220.09556237608194,3.6288256998107334e-5,beheer KLE's (KLE)
Galmaarden - Waarbeke,bloemenstrook,14066312.505737312,5635.4236142237205,4.006326186713942e-4,perceelsrandenbeheer (PR)
Grijpenveld,fauna akkerland,1295620.2918225755,54838.78945901746,0.0423262817085665,soortenbescherming (SB)
Plein,erosiestrook,3044895.383217428,779.9396779946983,2.561466256914761e-4,erosiebestrijding (ER)
Neerlinter,faunastrook,3406259.273889289,190043.97982426567,0.055792576120393865,soortenbescherming (SB)
Zevenbunder - Blinde Ezel,fauna akkerland,1110929.2645663228,27125.760497071373,0.02441718060929878,soortenbescherming (SB)
Groot Bosch Veld,faunastrook,2452195.254794078,79429.05547382687,0.03239099958233012,soortenbescherming (SB)
De Moeren,fauna grasland,27822309.799901996,2932.7943989557807,1.0541160744914541e-4,soortenbescherming (SB)
Slijpe,fauna akkerland,31991605.340636108,199767.35125333842,0.006244367831069472,soortenbescherming (SB)
Moere-Blote,bloemenstrook,5914036.910154611,3277.2791884554317,5.541526436583829e-4,perceelsrandenbeheer (PR)
Sint-Denijs,bufferstrook,17139347.772184055,3778.002676173681,2.2042861411010698e-4,perceelsrandenbeheer (PR)
Kaleshoek,knotbomenrij,4889048.814875915,231.72779265450617,4.7397316211985396e-5,beheer KLE's (KLE)
Kaleshoek,bloemenstrook,4889048.814875915,2831.5813150878676,5.791681413513834e-4,perceelsrandenbeheer (PR)
Lapscheure,fauna akkerland,3157834.6882216483,12001.81016644169,0.0038006454901540693,soortenbescherming (SB)
Lapscheure,faunastrook,3157834.6882216483,1773.3971488839015,5.615864426020983e-4,soortenbescherming (SB)
"Wannegem-Lede (Kruishoutem, Wortegem-Petegem, Oudenaarde)",kaphaag,19421006.44237409,126.81936773908092,6.530010075192482e-6,beheer KLE's (KLE)
"Wannegem-Lede (Kruishoutem, Wortegem-Petegem, Oudenaarde)",faunastrook,19421006.44237409,61890.2910939334,0.003186770535171488,soortenbescherming (SB)
Blijdveld,faunastrook,3829385.5528623015,115908.48513787087,0.0302681679705075,soortenbescherming (SB)
Blijdveld,haag,3829385.5528623015,113.65771011542529,2.968040395683611e-5,beheer KLE's (KLE)
Boerendans,fauna akkerland,2588433.789022643,110297.42907394774,0.04261164783959745,soortenbescherming (SB)
Boerendans,fauna hamster,2588433.789022643,187127.3210890169,0.07229364795136352,soortenbescherming (SB)
Vlijtingen - Rosmeer - Veldwezelt,erosiestrook,12306445.814982446,78.16836878506001,6.351823260773973e-6,erosiebestrijding (ER)
Wijd Meuleveld,bloemenstrook,318365.29739992437,5310.003099806141,0.016678963263812692,perceelsrandenbeheer (PR)
Armenberg,erosiestrook,3978511.693221081,14953.328706842964,0.0037585232518787585,erosiebestrijding (ER)
In het Bosveld - Kwekers Bos Veldje,faunastrook,494014.01887912303,3974.698180064559,0.008045719409102642,soortenbescherming (SB)
Zavelberg,erosiestrook fauna,4874610.136212248,13499.21351642732,0.0027692909051628706,erosiebestrijding (ER)
Zavelberg,bufferstrook fauna,4874610.136212248,14666.24438156806,0.0030087009979764805,perceelsrandenbeheer (PR)
Zavelberg,faunastrook,4874610.136212248,342087.50841416116,0.07017740882965787,soortenbescherming (SB)
Zavelberg,erosiedam,4874610.136212248,140.99812028557062,2.8925004532799695e-5,erosiebestrijding (ER)
Terlanenveld,erosiedam,2816425.5550932474,123.06797263831436,4.3696511848416234e-5,erosiebestrijding (ER)
Terlanenveld,erosiestrook,2816425.5550932474,6681.804357679794,0.0023724413186055507,erosiebestrijding (ER)
Grote,fauna akkerland,466388.5694862474,11422.463554282556,0.024491302535276597,soortenbescherming (SB)
Honsem,bufferstrook fauna,5794800.013731132,357.587879153376,6.170840724547003e-5,perceelsrandenbeheer (PR)
Hemelrijk,faunastrook,89512.58139849082,44.36059462185949,4.955794361954063e-4,soortenbescherming (SB)
In de Bemden,fauna akkerland,481905.96200382244,446.66785674897255,9.268776316683744e-4,soortenbescherming (SB)
Ijzer en Polder,knotbomenrij,43265793.46335067,1621.4806823169213,3.74771974005385e-5,beheer KLE's (KLE)
Waaienberg,haag,6590482.135085799,449.5928262955499,6.821850315048261e-5,beheer KLE's (KLE)
Eggewaartskapelle,faunastrook,26073141.4387505,660297.3595801127,0.025324810250856984,soortenbescherming (SB)
Blakenberg,erosiestrook,2422265.199781781,24085.07177209863,0.009943201832015925,erosiebestrijding (ER)
Vertrijk,bloemenstrook,599816.4151730551,4614.66580431629,0.007693463679190734,perceelsrandenbeheer (PR)
Haringsberg,faunastrook,1417591.006245276,43689.704641971504,0.03081968243978276,soortenbescherming (SB)
Haringsberg,bufferstrook fauna,1417591.006245276,5211.564279245213,0.0036763525278344575,perceelsrandenbeheer (PR)
Schassenhof,bloemenstrook,1844757.9665750526,3355.366482479498,0.0018188654247738613,perceelsrandenbeheer (PR)
Hamelbos,erosiestrook,2127717.8183938153,24305.42455208185,0.011423236832424367,erosiebestrijding (ER)
Babelomstraat,fauna akkerland,395540.7475597388,15001.37868790736,0.03792625356668643,soortenbescherming (SB)
Babelomstraat,bloemenstrook,395540.7475597388,2489.1319656273117,0.00629298493513965,perceelsrandenbeheer (PR)
Weterbeek - Galgenberg,erosiestrook,1996361.4942242084,1007.5673620114103,5.04701861324446e-4,erosiebestrijding (ER)
Keienberg,fauna akkerland,9219645.54829902,507182.3795078316,0.05501104970368457,soortenbescherming (SB)
Drie Grachten - Drie Tommen,erosiedam,5691213.733687604,173.22073959227328,3.0436519817721807e-5,erosiebestrijding (ER)
Steenberg,erosiestrook,825158.7580013955,1925.8236844467465,0.0023338826204926367,erosiebestrijding (ER)
Hongersberg,erosiestrook,788747.2556176409,340.8795462967828,4.3217842454469364e-4,erosiebestrijding (ER)
Den Dop - De Steenaerd,haag,8236310.029907966,2727.093111067854,3.311061751154512e-4,beheer KLE's (KLE)
Den Dop - De Steenaerd,erosiestrook,8236310.029907966,58392.971387639234,0.007089700506124795,erosiebestrijding (ER)
Patrijzenkuil,bufferstrook fauna,2471841.531345984,764.7173524638638,3.0937151219700347e-4,perceelsrandenbeheer (PR)
Hersekuilen,fauna vogelakker,6156926.142370482,70460.88471021596,0.011444165981677308,soortenbescherming (SB)
Galgenberg,erosiestrook,2930353.1593670957,1332.6614729819776,4.5477845177876406e-4,erosiebestrijding (ER)
Walsberg - Orsmaal,bloemenstrook,4223128.88049881,6461.380232252181,0.001529998353137876,perceelsrandenbeheer (PR)
Walsberg - Orsmaal,erosiestrook fauna,4223128.88049881,4327.704079250689,0.0010247624928603949,erosiebestrijding (ER)
Polders van Assenede,fauna akkerland,11983954.195170172,289318.3828825056,0.024142146921681994,soortenbescherming (SB)
Kobbegem - Hamme,haag,3923582.7493577767,130.5267474223076,3.326723450491075e-5,beheer KLE's (KLE)
Vijfwegen,erosiestrook,2596864.9719074303,18557.039192032888,0.007145939196985859,erosiebestrijding (ER)
Schrei,erosiestrook fauna,2489503.364275695,22230.064964030462,0.008929517944434737,erosiebestrijding (ER)
Groenendaal Veld - Grootveld,bufferstrook fauna,3755619.2772901673,12660.194352799452,0.0033710004710419687,perceelsrandenbeheer (PR)
Groenendaal Veld - Grootveld,erosiestrook,3755619.2772901673,4325.975135519926,0.0011518673262965286,erosiebestrijding (ER)
Tisselt - Zemst-Laar,botanisch weiland,17240145.074342526,29974.153107199352,0.0017386253409089976,botanisch beheer (BB)
Boeshoven - Jesseren,erosiestrook fauna,6700211.170188539,18524.211208156863,0.0027647205047174068,erosiebestrijding (ER)
Boeshoven - Jesseren,haag,6700211.170188539,2050.13884467431,3.0598122844188215e-4,beheer KLE's (KLE)
Boeshoven - Jesseren,faunastrook,6700211.170188539,32408.855244974955,0.004836990121919246,soortenbescherming (SB)
Boeshoven - Jesseren,fauna akkerland,6700211.170188539,29506.67141387728,0.004403842008019426,soortenbescherming (SB)
Mannekenshaag,heg,1241591.8966185097,184.59515298210135,1.4867619020778766e-4,beheer KLE's (KLE)
Pijpe,fauna akkerland,5943715.86287943,63652.4768024809,0.010709205869010786,soortenbescherming (SB)
Pijpe,bufferstrook,5943715.86287943,5904.272007299092,9.933637716724182e-4,perceelsrandenbeheer (PR)
Pijpe,faunastrook,5943715.86287943,2629.2272778491024,4.4235413308861885e-4,soortenbescherming (SB)
Tienbunder - Blokkenberg - Ijzerveld,kaphaag,4119590.8621957633,696.9331963231161,1.691753428037383e-4,beheer KLE's (KLE)
Tienbunder - Blokkenberg - Ijzerveld,erosiestrook fauna,4119590.8621957633,21918.41493143665,0.005320531981118635,erosiebestrijding (ER)
Langveld,erosiestrook fauna,1633139.664066982,3652.6520670359023,0.002236582790439221,erosiebestrijding (ER)
Langveld,faunastrook,1633139.664066982,69027.45209826596,0.042266717058581496,soortenbescherming (SB)
Langveld,fauna akkerland,1633139.664066982,65796.51770756749,0.04028835938239076,soortenbescherming (SB)
Sint-Katarina-Houtem,erosiestrook,7929250.569386944,64008.82805466617,0.008072494051555123,erosiebestrijding (ER)
Sint-Katarina-Houtem,erosiestrook fauna,7929250.569386944,20963.8669032677,0.0026438648545430614,erosiebestrijding (ER)
Kempenberg,heg,8734732.288896233,1639.0954267557931,1.8765262317649325e-4,beheer KLE's (KLE)
Bortombe,erosiestrook fauna,2280102.2741756295,9819.17607097514,0.004306462996062429,erosiebestrijding (ER)
Attenhoven,houtkant,7563527.665283035,663.4595622313482,8.771827004436837e-5,beheer KLE's (KLE)
Attenhoven,erosiestrook fauna,7563527.665283035,10608.453433973045,0.0014025801059294554,erosiebestrijding (ER)
Kruisboomveld,fauna akkerland,1686651.4743609615,118825.53117656753,0.07045055423888812,soortenbescherming (SB)
Kruisboomveld,heg,1686651.4743609615,480.76006231310816,2.8503817749025984e-4,beheer KLE's (KLE)
Grote Hamberg,erosiestrook fauna,2154109.183981117,14434.994399149204,0.006701143334095614,erosiebestrijding (ER)
Capilaeneberg,fauna akkerland,879340.1350166695,34302.156675413076,0.039008974240397676,soortenbescherming (SB)
Capilaeneberg,faunastrook,879340.1350166695,34660.3397807111,0.039416305932691284,soortenbescherming (SB)
Gulden Delle,fauna akkerland,805692.883412376,18808.423517801202,0.023344408154806214,soortenbescherming (SB)
Caremberg - Audenaeken Veld,faunastrook,3115541.303069968,14870.101057705455,0.004772878806983836,soortenbescherming (SB)
Kester,haag,3662768.8859192315,544.8366783637694,1.4874994719385188e-4,beheer KLE's (KLE)
Kester,erosiestrook,3662768.8859192315,12131.197406255622,0.0033120291735827334,erosiebestrijding (ER)
Pijpe,bufferstrook fauna,5943715.86287943,2743.515216824657,4.6158249824135474e-4,perceelsrandenbeheer (PR)
Rumpsdorpveld,faunastrook,228911.26990324073,23304.24265037477,0.10180469777755075,soortenbescherming (SB)
Kempenberg,erosiestrook,8734732.288896233,24452.38308878032,0.0027994427625291597,erosiebestrijding (ER)
Galmaarden - Waarbeke,faunastrook,14066312.505737312,53283.60602422511,0.0037880294499707725,soortenbescherming (SB)
Wievelhoven Veld,heg,723432.3693470298,2241.3433763893677,0.0030982072013343897,beheer KLE's (KLE)
Wievelhoven Veld,erosiestrook fauna,723432.3693470298,1584.8255156371742,0.002190703074383633,erosiebestrijding (ER)
Kaleshoek,haag,4889048.814875915,149.9058921673477,3.0661565847170284e-5,beheer KLE's (KLE)
Puit - Manhove,fauna akkerland,5094603.382597831,28051.42629690229,0.005506106008707268,soortenbescherming (SB)
Bree-eik - Kruiskouter,faunastrook,4801493.709469605,78748.79418419294,0.016400895002503687,soortenbescherming (SB)
Armenberg,fauna akkerland,3978511.693221081,136015.45422501536,0.034187521543990886,soortenbescherming (SB)
Grote,bufferstrook fauna,466388.5694862474,736.6735399291356,0.0015795274329742299,perceelsrandenbeheer (PR)
Tiens veld - Vloet Graegt,fauna akkerland,1230197.763437447,22482.908776660275,0.01827584917228106,soortenbescherming (SB)
Waaienberg,fauna akkerland,6590482.135085799,28896.41886565904,0.004384568271845084,soortenbescherming (SB)
Tombeveld,haag,1513290.1462587565,126.16506187207779,8.337136284405893e-5,beheer KLE's (KLE)
Tombeveld,bufferstrook fauna,1513290.1462587565,3866.9127501358744,0.0025553016119849057,perceelsrandenbeheer (PR)
Edelare - Boignenberg,erosiestrook fauna,3685647.9358000187,536.1257040044293,1.4546308094076166e-4,erosiebestrijding (ER)
Vijfwegen,botanisch weiland,2596864.9719074303,6097.693544078618,0.0023480980374577525,botanisch beheer (BB)
Drie Grachten - Drie Tommen,erosiestrook,5691213.733687604,10078.090449735779,0.0017708156680325046,erosiebestrijding (ER)
Kranenberg,bufferstrook fauna,647795.791286204,298.49433841905557,4.6078462137951305e-4,perceelsrandenbeheer (PR)
Horpmaal,fauna vogelakker,9212175.928612612,25184.545583583917,0.0027338324602944053,soortenbescherming (SB)
Hongersberg,haag,788747.2556176409,77.71524438116467,9.852997120136859e-5,beheer KLE's (KLE)
Vijfwegen,faunastrook,2596864.9719074303,124288.04205356317,0.0478608026979054,soortenbescherming (SB)
Tisselt - Zemst-Laar,heg,17240145.074342526,164.9243446417695,9.566296799161887e-6,beheer KLE's (KLE)
Tisselt - Zemst-Laar,faunastrook,17240145.074342526,64330.86734485172,0.0037314574249489056,soortenbescherming (SB)
Wimpelse Heide,haag,2309361.268722946,224.36424919302294,9.715424443620905e-5,beheer KLE's (KLE)
Spreet,bufferstrook fauna,5420617.069772044,2649.7865361746417,4.888348507315006e-4,perceelsrandenbeheer (PR)
Spreet,bloemenstrook,5420617.069772044,2546.5457588587888,4.697889052262236e-4,perceelsrandenbeheer (PR)
Mannekenshaag,bloemenstrook,1241591.8966185097,11461.71428052662,0.009231466725695242,perceelsrandenbeheer (PR)
Petanenbos,erosiestrook,1740491.998939191,1148.3095501102507,6.597614644652958e-4,erosiebestrijding (ER)
Petanenbos,bloemenstrook,1740491.998939191,10901.931973463854,0.006263707032326751,perceelsrandenbeheer (PR)
Kempenberg,fauna akkerland,8734732.288896233,247821.628100588,0.028371977515054905,soortenbescherming (SB)
Kruisboomveld,erosiestrook fauna,1686651.4743609615,16348.209699048186,0.009692701751108477,erosiebestrijding (ER)
Capilaeneberg,erosiestrook fauna,879340.1350166695,786.6741701238789,8.946187473962689e-4,erosiebestrijding (ER)
Gulden Delle,erosiestrook fauna,805692.883412376,502.8475581072271,6.241181577495152e-4,erosiebestrijding (ER)
Caremberg - Audenaeken Veld,bloemenstrook,3115541.303069968,1699.223025268875,5.454021821487354e-4,perceelsrandenbeheer (PR)
Oetingen,knotbomenrij,6065200.717343942,261.65137011045954,4.313977101569711e-5,beheer KLE's (KLE)
Oetingen,bloemenstrook,6065200.717343942,1245.478046897566,2.0534819949750692e-4,perceelsrandenbeheer (PR)
Galmaarden - Waarbeke,erosiestrook fauna,14066312.505737312,5552.165683069383,3.947136593762429e-4,erosiebestrijding (ER)
Wievelhoven Veld,fauna akkerland,723432.3693470298,29942.014955368533,0.04138882392336716,soortenbescherming (SB)
Oetingen,faunastrook,6065200.717343942,18088.039660599316,0.0029822656336623904,soortenbescherming (SB)
Op het Berger Padje - Het Boschveld,fauna akkerland,2858165.542869256,35763.77389439823,0.012512842016315013,soortenbescherming (SB)
Houtem - Alveringem,fauna akkerland,24661998.024273746,93579.0216252802,0.003794462295113899,soortenbescherming (SB)
Blijdveld,bufferstrook,3829385.5528623015,1617.2992993323423,4.2233911341820374e-4,perceelsrandenbeheer (PR)
Plattetombe,faunastrook,5440653.531772487,220660.65517008977,0.040557748050205594,soortenbescherming (SB)
Cabon Veld,faunastrook,641534.399937124,43919.32015107083,0.0684598053594247,soortenbescherming (SB)
Groenendries,faunastrook,245789.44917975413,1052.131903667003,0.004280622732904794,soortenbescherming (SB)
Kobbegem - Hamme,fauna akkerland,3923582.7493577767,41447.83696374538,0.010563772860539179,soortenbescherming (SB)
Hulsberg,faunastrook,1318967.726946796,19192.370057516673,0.014551053574255382,soortenbescherming (SB)
Hulsberg,fauna akkerland,1318967.726946796,19965.614697566954,0.01513730343030017,soortenbescherming (SB)
Den Dop - De Steenaerd,fauna akkerland,8236310.029907966,144969.1992975587,0.017601231470299402,soortenbescherming (SB)
Tisselt - Zemst-Laar,bufferstrook fauna,17240145.074342526,27714.00254982778,0.0016075272238325225,perceelsrandenbeheer (PR)
Tisselt - Zemst-Laar,bloemenstrook,17240145.074342526,8216.704888939392,4.7660300151231445e-4,perceelsrandenbeheer (PR)
Strateneinde,bloemenstrook,2052762.0414291965,1528.6644689798122,7.446866407932547e-4,perceelsrandenbeheer (PR)
Boeshoven - Jesseren,erosiestrook,6700211.170188539,3942.7489625029266,5.884514476268336e-4,erosiebestrijding (ER)
Sint-Katarina-Houtem,faunastrook,7929250.569386944,103002.73900418237,0.012990223742184767,soortenbescherming (SB)
Sint-Katarina-Houtem,bufferstrook fauna,7929250.569386944,8502.483271839308,0.0010722934276620653,perceelsrandenbeheer (PR)
Kempenberg,haag,8734732.288896233,636.7240978428365,7.289566260115985e-5,beheer KLE's (KLE)
Bortombe,fauna akkerland,2280102.2741756295,86096.9326079367,0.03776011873812329,soortenbescherming (SB)
Oetingen,bufferstrook fauna,6065200.717343942,8749.590995373084,0.0014425888611324777,perceelsrandenbeheer (PR)
Galmaarden - Waarbeke,heg,14066312.505737312,1755.157382639876,1.247773630739392e-4,beheer KLE's (KLE)
Nijssem Veld,faunastrook,2766865.04850253,51725.33889580198,0.018694565144692015,soortenbescherming (SB)
Armenberg,bufferstrook fauna,3978511.693221081,5760.3257736436535,0.0014478594554487739,perceelsrandenbeheer (PR)
Elfbunders,erosiedam,4719332.241689935,60.608622247031235,1.2842626698672103e-5,erosiebestrijding (ER)
Blakenberg,houtkant,2422265.199781781,314.17020099693036,1.297009927010608e-4,beheer KLE's (KLE)
Schrei,houtkant,2489503.364275695,1360.934940207284,5.46669251279859e-4,beheer KLE's (KLE)
Strateneinde,faunastrook,2052762.0414291965,34512.52973046515,0.01681272794114824,soortenbescherming (SB)
Petanenbos,haag,1740491.998939191,47.09962327876019,2.706109726874174e-5,beheer KLE's (KLE)
Kruisboomveld,bloemenstrook,1686651.4743609615,10427.379196662456,0.006182296316204378,perceelsrandenbeheer (PR)
Caremberg - Audenaeken Veld,bufferstrook fauna,3115541.303069968,2343.221639864787,7.521073906341224e-4,perceelsrandenbeheer (PR)
Caremberg - Audenaeken Veld,fauna akkerland,3115541.303069968,64280.64994009587,0.020632257346983495,soortenbescherming (SB)
Oetingen,heg,6065200.717343942,240.58212490334427,3.96659791019578e-5,beheer KLE's (KLE)
Waarveld,erosiestrook fauna,530725.8026236147,3439.0007724479656,0.006479807002876907,erosiebestrijding (ER)
Blauwschuurveld,faunastrook,904080.2591269927,27187.576819014153,0.0300720832520636,soortenbescherming (SB)
Hamelbos,fauna akkerland,2127717.8183938153,34097.84750226699,0.016025549632331874,soortenbescherming (SB)
Drie Grachten - Drie Tommen,fauna vogelakker,5691213.733687604,97352.33594091755,0.017105724806057918,soortenbescherming (SB)
Nukerke,bloemenstrook,3722271.4369117282,7416.143763292581,0.001992370489091887,perceelsrandenbeheer (PR)
De Merkskens,fauna akkerland,2993655.108304881,57316.31314392714,0.01914593066680342,soortenbescherming (SB)
Smisveld - Remmelenveld,erosiestrook fauna,1910573.196240817,1349.7395594942354,7.064579164775995e-4,erosiebestrijding (ER)
Waaienberg,houtkant,6590482.135085799,2267.6267568995017,3.4407600391287314e-4,beheer KLE's (KLE)
Mannekenshaag,fauna akkerland,1241591.8966185097,25683.786904732973,0.02068617472027892,soortenbescherming (SB)
Armenberg,faunastrook,3978511.693221081,23720.762932398568,0.005962220237486288,soortenbescherming (SB)
