pointid	key	value	Naam	area_prop_sb	openheid_klasse	openheid_waarde	is_sbp	in_sample	sample_order	batch	X	Y
DM_1008.2	waterway	stream	De Moeren	0.0845573122536017	4	1.55444169044495	1	1	35	reserve set	24188.6976232432	195202.208501346
DM_1012.6	waterway	stream	De Moeren	0.0979687128674261	4	1.5653315782547	1	1	39	reserve set	24368.9316431327	194250.502371066
DM_1013.14	waterway	ditch	De Moeren	0.146035904118135	4	1.55710399150848	1	1	55	reserve set	25852.4051019096	194929.472313615
DM_1024.10	waterway	ditch	De Moeren	0.0920246958961982	4	1.56441724300385	1	1	30	eerste set	27300.4550315032	194768.069569196
DM_1027.6	waterway	ditch	De Moeren	0	4	1.54034733772278	1	1	52	reserve set	28941.804430917	194826.862381918
DM_1034.4	waterway	ditch	De Moeren	0	4	1.5648512840271	1	1	37	reserve set	26934.9512620745	195161.704107621
DM_1037.1	waterway	stream	De Moeren	0.0641069553957308	4	1.5423983335495	1	1	26	eerste set	27887.6810243593	194852.38704022
DM_1039.1	waterway	stream	De Moeren	0.0537104835936883	4	1.52081453800201	1	1	4	eerste set	26352.4791105247	194010.422390591
DM_104.6	highway	unclassified	De Moeren	0	4	1.53123939037323	0	1	35	reserve set	26861.9179678251	188282.554312963
DM_1051.4	waterway	stream	De Moeren	0.00214332876189269	4	1.56595861911774	1	1	2	eerste set	25818.4729670661	191915.77247823
DM_1058.6	waterway	stream	De Moeren	0.486196718407934	4	1.5599000453949	1	1	42	reserve set	25649.4092931929	192819.071192546
DM_109.14	highway	unclassified	De Moeren	0.0626762170485512	4	1.54611682891846	0	1	10	eerste set	24942.7009995308	189815.613010131
DM_109.6	highway	unclassified	De Moeren	0	4	1.52262651920319	0	1	41	reserve set	25031.8272796376	190196.121605227
DM_112.10	highway	unclassified	De Moeren	0.02264306193512	4	1.54268407821655	0	1	4	eerste set	25179.355578493	189091.119948713
DM_1155.11	waterway	stream	De Moeren	0.0437110710412839	4	1.52521955966949	0	1	22	eerste set	30378.8019484321	193284.733345534
DM_122.15	highway	unclassified	De Moeren	0	4	1.52584111690521	0	1	16	eerste set	29539.5823667123	191830.277375153
DM_1239.2	highway	unclassified	De Moeren	0	4	1.53731226921082	0	1	2	eerste set	27730.326719322	189349.772630523
DM_137.2	highway	track	De Moeren	0.0176604030139862	4	1.53613841533661	0	1	5	eerste set	27938.4291714267	189953.220092359
DM_139.7	highway	track	De Moeren	0	4	1.54218101501465	0	1	33	reserve set	28085.4197466885	191482.701212773
DM_173.12	highway	unclassified	De Moeren	0	4	1.55841481685638	1	1	3	eerste set	28280.9735129292	195899.463718618
DM_175.1.5	highway	unclassified	De Moeren	0	4	1.53940165042877	1	1	40	reserve set	27323.9189380241	195260.643470296
DM_176.6	highway	track	De Moeren	0.114430740496506	4	1.56438386440277	1	1	33	reserve set	26661.1074456684	195614.49713318
DM_18	highway	unclassified	De Moeren	0	4	1.54000890254974	0	1	6	eerste set	28334.1865332149	189528.424556038
DM_194.28	highway	unclassified	De Moeren	0.125822995728448	4	1.53607499599457	1	1	58	reserve set	24867.3236655753	195247.606140765
DM_199.1.13	highway	unclassified	De Moeren	0.00243271031629293	4	1.53447687625885	1	1	36	reserve set	28187.2408575185	193367.273412194
DM_206.30	highway	track	De Moeren	0.0498409251545349	4	1.54468333721161	1	1	46	reserve set	25072.3317450824	191792.728971647
DM_217.12	waterway	river	De Moeren	0.0211481358544068	4	1.56094861030579	1	1	1	eerste set	27638.8789216034	196179.060714071
DM_217.30	waterway	river	De Moeren	0.0511257795684547	4	1.55455780029297	1	1	50	reserve set	26833.3297120163	195892.021226917
DM_218.4	highway	unclassified	De Moeren	0.105158815417493	4	1.5563051700592	1	1	59	reserve set	26331.1551929923	196326.912416668
DM_222.6	highway	track	De Moeren	0	4	1.56026721000671	1	1	15	eerste set	26870.6686654964	192740.328695606
DM_246.10	highway	unclassified	De Moeren	0.00842646694100324	4	1.53699290752411	1	1	17	eerste set	24853.2805385476	191088.540825644
DM_256.1.27	highway	unclassified	De Moeren	0.021230701483333	4	1.5556138753891	1	1	7	eerste set	25388.2060644188	191355.460477169
DM_257.2	highway	unclassified	De Moeren	0.0551187120957828	4	1.51940143108368	1	1	32	reserve set	26938.9379138142	191943.658823018
DM_262.4	highway	unclassified	De Moeren	0	4	1.55251336097717	1	1	14	eerste set	27811.3616559647	193096.825957123
DM_267.4	highway	track	De Moeren	0	4	1.54281079769135	0	1	36	reserve set	31103.4538872695	195128.151072274
DM_268.19	highway	unclassified	De Moeren	0.150937329002627	4	1.51081502437592	0	1	37	reserve set	30163.7368739151	193755.270224234
DM_268.6	highway	unclassified	De Moeren	0.0274249012718544	4	1.54678976535797	0	1	31	reserve set	30746.8219569408	193832.186442135
DM_272.1	highway	unclassified	De Moeren	0	4	1.5156717300415	0	1	23	eerste set	31344.6009260298	192704.765098768
DM_276.6	highway	unclassified	De Moeren	0	4	1.54083275794983	0	1	46	reserve set	30794.0204915628	192038.316412996
DM_277.1.1	highway	unclassified	De Moeren	0.0439156245964295	4	1.55631077289581	0	1	24	eerste set	30561.3233599183	192563.403341877
DM_325.15	waterway	stream	De Moeren	0.0811344117083925	4	1.55391538143158	0	1	15	eerste set	30196.5446618069	194082.720064656
DM_345.20	waterway	drain	De Moeren	0	4	1.56293129920959	1	1	8	eerste set	28414.8524531443	193771.361322458
DM_347.14	highway	unclassified	De Moeren	0	4	1.51795494556427	0	1	7	eerste set	31138.2553095037	190879.294667273
DM_360.5	highway	unclassified	De Moeren	0.0226456609981678	4	1.5496369600296	0	1	39	reserve set	30358.1767112823	192043.604711974
DM_368.14	highway	unclassified	De Moeren	0.00581805856620916	4	1.53429615497589	0	1	20	eerste set	28415.6551227084	191550.792905836
DM_38.9	highway	unclassified	De Moeren	0.0582978641702979	4	1.53585803508759	0	1	21	eerste set	25647.1150121547	189151.508886795
DM_386.7	highway	tertiary	De Moeren	0	4	1.53021264076233	0	1	56	reserve set	27161.4984088701	191356.553446967
DM_39.13	highway	unclassified	De Moeren	0	4	1.54321241378784	0	1	52	reserve set	25574.9536578137	189901.74709378
DM_39.22	highway	unclassified	De Moeren	0	4	1.52952980995178	0	1	34	reserve set	25963.2436362233	190129.428419587
DM_390.1	highway	unclassified	De Moeren	0	4	1.52950763702393	1	1	24	eerste set	25443.89086761	190904.006906673
DM_44.45	waterway	river	De Moeren	0	4	1.5394344329834	1	1	19	eerste set	26319.8693759519	191299.427777765
DM_44.6.2	waterway	river	De Moeren	0	4	1.51351737976074	1	1	41	reserve set	28985.4560990766	193470.951642054
DM_498.1	highway	track	De Moeren	0.0309721414811737	4	1.55154824256897	0	1	11	eerste set	29045.6737654472	192883.15026252
DM_5.12	highway	unclassified	De Moeren	0.0487518830112821	4	1.51223134994507	0	1	59	reserve set	31318.4047369772	193846.462706282
DM_501.19	highway	unclassified	De Moeren	0	4	1.56254398822784	0	1	50	reserve set	30330.4430972989	194625.375552789
DM_501.30	highway	unclassified	De Moeren	0	4	1.53326737880707	0	1	12	eerste set	30371.3310691032	195066.013746701
DM_52.1.9	highway	tertiary	De Moeren	0	4	1.53927159309387	0	1	26	eerste set	29548.6622462735	190016.650641273
DM_54.9	highway	unclassified	De Moeren	0.0169033352787818	4	1.5186870098114	0	1	14	eerste set	29770.2547788653	193007.521093389
DM_570.5	highway	tertiary	De Moeren	0	4	1.52040576934814	0	1	45	reserve set	26039.8456432359	188550.633168461
DM_600.5	highway	unclassified	De Moeren	0.0141275244383176	4	1.51737368106842	0	1	42	reserve set	27576.4736257617	190333.278455777
DM_602.6	highway	tertiary	De Moeren	0	4	1.53385841846466	0	1	25	eerste set	27570.428809347	189706.911244775
DM_63.2	highway	unclassified	De Moeren	0.00548488173112109	4	1.55527245998383	1	1	28	eerste set	27130.0416865235	194360.856436011
DM_645.5	waterway	stream	De Moeren	0.0259523452213481	4	1.56470394134521	0	1	9	eerste set	29231.9615751801	192673.891597738
DM_647.15	waterway	stream	De Moeren	0.0146503827836282	4	1.55376648902893	0	1	32	reserve set	30979.5409133074	192857.931437545
DM_655.49	waterway	ditch	De Moeren	0.0745134524840432	4	1.56636476516724	1	1	43	reserve set	25978.7182528317	193024.563027634
DM_655.57	waterway	ditch	De Moeren	0.0585641489944402	4	1.54485106468201	1	1	6	eerste set	26123.294270619	192652.573484334
DM_698.2	highway	path	De Moeren	0	4	1.56366300582886	0	1	1	eerste set	27639.4314928657	189041.850597271
DM_722.13	waterway	ditch	De Moeren	0	4	1.5362913608551	1	1	5	eerste set	26740.4654033661	194724.442094168
DM_73.10	highway	unclassified	De Moeren	0	4	1.55073702335358	0	1	57	reserve set	26767.1787076045	189395.71237512
DM_73.2	highway	unclassified	De Moeren	0	4	1.51450026035309	0	1	3	eerste set	26477.8912527033	189131.118383392
DM_747.4	waterway	ditch	De Moeren	0.0350254443250711	4	1.5598555803299	1	1	51	reserve set	25689.9087775661	196065.032809791
DM_75.1.1	highway	unclassified	De Moeren	0.0024935514235681	4	1.51744270324707	0	1	27	eerste set	27888.7385449319	190661.533703312
DM_750.1.24	waterway	ditch	De Moeren	0.218655439862915	4	1.55856764316559	1	1	56	reserve set	25167.3188957545	194051.969947537
DM_765.21	waterway	ditch	De Moeren	0.00483542345387096	4	1.55656051635742	1	1	34	reserve set	24588.8066837844	192334.690065793
DM_827.10	waterway	stream	De Moeren	0.0587502704938653	4	1.56295228004456	1	1	16	eerste set	25108.1680755922	193152.786849944
DM_885.2	waterway	stream	De Moeren	0.0540624480001935	4	1.53314471244812	1	1	25	eerste set	24125.8557036848	193561.769955076
DM_899.2	waterway	ditch	De Moeren	0.342701918841487	4	1.55967915058136	1	1	31	reserve set	24123.0086186833	194820.023448321
DM_900.14	waterway	ditch	De Moeren	0.249456252015025	4	1.56591022014618	1	1	9	eerste set	24867.2637867333	194591.717563071
DM_929.5	waterway	ditch	De Moeren	0	4	1.55426466464996	1	1	47	reserve set	25735.3490072578	195684.531203825
DM_931.3	waterway	ditch	De Moeren	0	4	1.56336748600006	1	1	11	eerste set	25032.3284823136	195725.456317136
DM_946.5	waterway	ditch	De Moeren	0.000612986350190048	4	1.56050825119019	1	1	57	reserve set	27706.3604816922	194262.128860611
DM_951.1	waterway	ditch	De Moeren	0	4	1.53778660297394	1	1	45	reserve set	28571.1816660019	194274.440406919
DM_954	waterway	ditch	De Moeren	0	4	1.53016459941864	1	1	12	eerste set	28088.8397462556	194396.346426177
DM_957.3	waterway	ditch	De Moeren	0	4	1.55046653747559	1	1	38	reserve set	28391.2018737952	194751.191743073
DM_964.1	waterway	ditch	De Moeren	0	4	1.54332447052002	1	1	21	eerste set	29012.3280362196	195545.776562402
DM_964.17	waterway	ditch	De Moeren	0	4	1.56651318073273	1	1	27	eerste set	28245.716361343	195333.258245
DM_972.8	waterway	ditch	De Moeren	0.0405546996197033	4	1.52536273002625	1	1	48	reserve set	27291.7333675965	195772.85156641
Ol_10076	highway	unclassified	Oostelijke leemstreek	0.073084463011612	3	1.45206272602081	0	1	261	reserve set	232235.4791381	165616.857143961
Ol_10120.5	highway	tertiary	Oostelijke leemstreek	0	4	1.52132737636566	0	1	22	eerste set	225768.380711855	171502.787994405
Ol_10209.19	highway	tertiary	Oostelijke leemstreek	0.0616792354309725	4	1.53447389602661	1	1	143	reserve set	206947.286495423	158054.490743195
Ol_10214.11	highway	unclassified	Oostelijke leemstreek	0	3	1.45779490470886	0	1	19	eerste set	209239.868277002	159473.082252187
Ol_10316	highway	tertiary	Oostelijke leemstreek	0	3	1.44808411598206	0	1	101	eerste set	230478.089786386	166690.342284733
Ol_1034.14	highway	unclassified	Oostelijke leemstreek	0	4	1.52271747589111	1	1	179	reserve set	216988.417066384	161288.233783601
Ol_10359.8	highway	unclassified	Oostelijke leemstreek	0.0939837501348039	3	1.46217906475067	0	1	125	eerste set	201843.832971594	165666.525800823
Ol_1036.21	highway	tertiary	Oostelijke leemstreek	0.0119983458086338	4	1.51743292808533	1	1	62	eerste set	217225.859258884	160434.787431741
Ol_10439.8	highway	unclassified	Oostelijke leemstreek	9.95328550253007e-06	4	1.56776428222656	1	1	176	reserve set	206010.777865776	156506.776306581
Ol_10441.17	highway	unclassified	Oostelijke leemstreek	0.0435913762964261	3	1.47975969314575	1	1	69	eerste set	205275.705318521	156943.348349677
Ol_10442.10	highway	unclassified	Oostelijke leemstreek	0.0357314032352279	4	1.56233406066895	1	1	104	eerste set	206273.633991733	157145.961959524
Ol_10458	highway	unclassified	Oostelijke leemstreek	0	3	1.37266409397125	0	1	141	eerste set	227369.933647045	168940.353148931
Ol_10529.1	highway	track	Oostelijke leemstreek	0	3	1.42053210735321	0	1	260	reserve set	228507.267325146	166137.766308512
Ol_1060	highway	unclassified	Oostelijke leemstreek	0	3	1.36256289482117	0	1	264	reserve set	229829.237434593	163996.309146244
Ol_10653.6	highway	track	Oostelijke leemstreek	0	3	1.39080691337585	0	1	70	eerste set	224224.433658808	166713.708302041
Ol_1068.12	highway	unclassified	Oostelijke leemstreek	0	3	1.44859576225281	0	1	253	reserve set	229543.30530611	163359.683038015
Ol_1069.8	highway	unclassified	Oostelijke leemstreek	0	4	1.55303132534027	0	1	52	reserve set	230384.240096358	159509.643857279
Ol_10715.3	highway	unclassified	Oostelijke leemstreek	0	3	1.46707534790039	0	1	215	reserve set	213295.695427739	164572.389061898
Ol_10716.15	highway	unclassified	Oostelijke leemstreek	0	4	1.51767802238464	0	1	12	eerste set	223460.884210978	158575.535800097
Ol_1072.1.3	highway	unclassified	Oostelijke leemstreek	0	3	1.44479691982269	0	1	93	eerste set	229949.985125108	160884.840144122
Ol_10720.1	highway	track	Oostelijke leemstreek	0	3	1.50609195232391	1	1	142	reserve set	224400.115770942	158726.266460107
Ol_10738.4	highway	track	Oostelijke leemstreek	0	3	1.36203730106354	0	1	105	eerste set	212326.248445586	161486.58856455
Ol_1076.10	highway	unclassified	Oostelijke leemstreek	0.0636456750803155	4	1.51033437252045	1	1	88	eerste set	239897.43016568	166227.799006646
Ol_10778.6	highway	tertiary	Oostelijke leemstreek	0.00705598728100268	4	1.54643297195435	1	1	29	eerste set	211326.355933568	161816.114744065
Ol_10812.1	highway	unclassified	Oostelijke leemstreek	0.0265373900053085	3	1.44779539108276	0	1	36	eerste set	212473.195438327	159639.827629808
Ol_10839.4	highway	tertiary	Oostelijke leemstreek	0.155360541602549	4	1.52926921844482	1	1	54	eerste set	211862.94841646	159648.687463857
Ol_1094.1	highway	unclassified	Oostelijke leemstreek	0	3	1.44194006919861	1	1	24	eerste set	223321.90762789	159440.240719076
Ol_1096.16	highway	tertiary	Oostelijke leemstreek	0.0390052471385212	3	1.48725295066833	1	1	128	reserve set	233311.174169697	163742.392140845
Ol_10971.1.5	highway	unclassified	Oostelijke leemstreek	0	4	1.51418566703796	0	1	43	reserve set	220607.309896326	161138.630255388
Ol_10972.3	highway	track	Oostelijke leemstreek	0.0862261667754454	3	1.42987740039825	1	1	108	reserve set	221554.088386336	160683.206097579
Ol_10981	highway	tertiary	Oostelijke leemstreek	0	3	1.49937033653259	0	1	138	eerste set	222117.739742203	161304.012721558
Ol_10987.1	highway	unclassified	Oostelijke leemstreek	0.296815677796192	3	1.40525412559509	0	1	286	reserve set	223020.278846674	161817.10525405
Ol_10988.3	highway	unclassified	Oostelijke leemstreek	0	3	1.4611804485321	1	1	53	eerste set	222280.510275684	164335.538564056
Ol_11033.1	highway	track	Oostelijke leemstreek	0	3	1.4140317440033	0	1	94	eerste set	221508.522341884	164892.150563945
Ol_11054.15	highway	unclassified	Oostelijke leemstreek	1.26664765455601e-06	3	1.48471295833588	1	1	35	eerste set	200710.869184119	155970.017988522
Ol_1107.5	highway	unclassified	Oostelijke leemstreek	0	3	1.45291483402252	0	1	10	eerste set	213504.682938211	163224.149864543
Ol_11081.8	highway	unclassified	Oostelijke leemstreek	0	3	1.43452990055084	1	1	82	reserve set	204272.837535644	159778.598291766
Ol_11100.1.3	highway	unclassified	Oostelijke leemstreek	0.000133408997886128	3	1.41330063343048	1	1	103	reserve set	237834.566647173	169609.949697061
Ol_1119	highway	unclassified	Oostelijke leemstreek	0	3	1.37483787536621	0	1	2	eerste set	221432.820451921	164347.77128908
Ol_11234.9	highway	unclassified	Oostelijke leemstreek	0	4	1.54035615921021	1	1	9	eerste set	237346.513757286	164883.430138102
Ol_1125.15	highway	track	Oostelijke leemstreek	0.129331214195421	3	1.3642235994339	1	1	85	reserve set	220137.510752539	164236.392434354
Ol_11317	highway	unclassified	Oostelijke leemstreek	0	3	1.39595746994019	0	1	291	reserve set	223950.434298035	168290.104072034
Ol_11333.2.3	highway	tertiary	Oostelijke leemstreek	0	3	1.46092176437378	0	1	239	reserve set	214835.792647842	168372.841080751
Ol_11368.2	highway	path	Oostelijke leemstreek	0.0452803256517567	3	1.42277240753174	0	1	258	reserve set	223884.486445313	159987.69772737
Ol_11411	highway	unclassified	Oostelijke leemstreek	0	3	1.46311366558075	0	1	244	reserve set	227641.505169868	168684.317563729
Ol_11439.2	highway	track	Oostelijke leemstreek	0	3	1.3624826669693	0	1	75	eerste set	229997.983994288	165976.686821428
Ol_115	highway	unclassified	Oostelijke leemstreek	0.0696853587825426	4	1.558633685112	0	1	13	eerste set	214979.06930875	159856.17218158
Ol_115.8	highway	unclassified	Oostelijke leemstreek	0.00273212218244392	4	1.53593564033508	0	1	41	reserve set	214799.784524857	159509.501913768
Ol_11542	highway	path	Oostelijke leemstreek	0	3	1.44759595394135	0	1	137	eerste set	213295.411720138	164961.216566407
Ol_116.1	highway	unclassified	Oostelijke leemstreek	0.0077177837379688	3	1.50449442863464	0	1	44	eerste set	214246.088490864	160813.084833782
Ol_11600.7	highway	track	Oostelijke leemstreek	0	3	1.47041857242584	0	1	7	eerste set	214438.763887784	168063.852396233
Ol_11688.2.12	highway	tertiary	Oostelijke leemstreek	0.014413211899209	4	1.51599013805389	1	1	49	eerste set	209926.715421511	159405.013229025
Ol_11694.5	highway	tertiary	Oostelijke leemstreek	0	3	1.44044458866119	0	1	180	reserve set	225374.281394943	160313.467401702
Ol_11834.1	highway	track	Oostelijke leemstreek	0	3	1.40355849266052	0	1	284	reserve set	226127.243529408	171331.005057252
Ol_11844.8	highway	unclassified	Oostelijke leemstreek	0.145428032835801	4	1.51877272129059	1	1	90	eerste set	199747.445369676	163758.070294027
Ol_1192.11	highway	unclassified	Oostelijke leemstreek	0	4	1.51583182811737	0	1	31	reserve set	232100.28821025	170547.030087529
Ol_11964.4	highway	track	Oostelijke leemstreek	0.0319737957365543	3	1.42500126361847	0	1	51	eerste set	191277.749299722	161798.570657004
Ol_12017.1	highway	unclassified	Oostelijke leemstreek	0.112796106912317	4	1.53491187095642	0	1	49	reserve set	200581.237888565	165685.906530346
Ol_12037.5	highway	track	Oostelijke leemstreek	0	3	1.45283138751984	0	1	63	eerste set	220817.285564263	168305.678815885
Ol_12254.8	waterway	stream	Oostelijke leemstreek	0	3	1.35128974914551	0	1	155	reserve set	232290.437350806	171619.449804238
Ol_1238.5	highway	track	Oostelijke leemstreek	0.0561257033355049	3	1.49577856063843	0	1	147	eerste set	182617.030326588	165619.350754304
Ol_1240.5	highway	track	Oostelijke leemstreek	0	4	1.56127548217773	1	1	175	reserve set	181500.803615796	163984.6286923
Ol_1241.6	highway	track	Oostelijke leemstreek	0.129768682677326	3	1.49988746643066	1	1	78	reserve set	181443.652335513	165415.30232435
Ol_1250.3	highway	unclassified	Oostelijke leemstreek	0.0457403304927089	4	1.53762757778168	0	1	38	reserve set	183164.037972067	162039.936889695
Ol_1258.4	highway	track	Oostelijke leemstreek	0	3	1.4170891046524	0	1	202	reserve set	228827.929477563	164703.301387269
Ol_12609.15	highway	unclassified	Oostelijke leemstreek	0	4	1.54360723495483	0	1	11	eerste set	227053.910173113	161781.820813211
Ol_12809.7	highway	unclassified	Oostelijke leemstreek	0.0147053551014699	4	1.54505598545074	1	1	166	reserve set	210725.179586998	159263.298913077
Ol_12833.8	highway	track	Oostelijke leemstreek	0.0681044526286458	3	1.47470808029175	1	1	47	eerste set	221662.813298463	160329.611816944
Ol_12837.16	highway	unclassified	Oostelijke leemstreek	0	4	1.52716505527496	0	1	24	eerste set	216427.998410607	159253.452192415
Ol_12841.11	highway	unclassified	Oostelijke leemstreek	0.0244782755388606	3	1.48503923416138	1	1	106	reserve set	217034.586748644	160058.058323282
Ol_12842.20	highway	unclassified	Oostelijke leemstreek	0	4	1.54512107372284	1	1	82	eerste set	217813.35134647	160220.37756189
Ol_12850.10	highway	tertiary	Oostelijke leemstreek	0.0285941423030548	4	1.52958285808563	1	1	125	reserve set	209024.132108737	160814.314332447
Ol_12852.2	highway	unclassified	Oostelijke leemstreek	0	4	1.52748763561249	1	1	183	reserve set	208066.874357681	161639.329762859
Ol_12863.6	highway	unclassified	Oostelijke leemstreek	0	4	1.53462934494019	0	1	40	reserve set	211554.435277959	162737.894956759
Ol_12927.6	highway	path	Oostelijke leemstreek	0.0292377829241955	4	1.54139506816864	1	1	199	reserve set	201911.181962444	161766.715294408
Ol_12988	highway	track	Oostelijke leemstreek	0	3	1.47076845169067	1	1	52	eerste set	220098.748398318	166792.709418974
Ol_13010.2	highway	unclassified	Oostelijke leemstreek	0	3	1.44261789321899	1	1	22	eerste set	194170.890211196	162511.841702125
Ol_13016.1	highway	tertiary	Oostelijke leemstreek	0	3	1.41530478000641	0	1	21	eerste set	226201.293371404	169728.473474799
Ol_13020.1.11	highway	tertiary	Oostelijke leemstreek	0	3	1.48109269142151	0	1	107	eerste set	234719.500035985	172476.098039168
Ol_13047	highway	unclassified	Oostelijke leemstreek	0	3	1.40479528903961	0	1	177	reserve set	234343.171418667	169943.577120511
Ol_13146.2	highway	unclassified	Oostelijke leemstreek	0	4	1.5284069776535	0	1	58	reserve set	203987.659945141	164899.025843663
Ol_13240.1	highway	unclassified	Oostelijke leemstreek	0	4	1.5479439496994	1	1	149	reserve set	198407.223448881	167471.120668955
Ol_13243.7	highway	unclassified	Oostelijke leemstreek	0.159169290605695	4	1.51316428184509	1	1	113	reserve set	197614.743884746	166960.796005467
Ol_13256.5	highway	unclassified	Oostelijke leemstreek	0.00775496570450275	3	1.50224626064301	0	1	151	eerste set	196369.465739305	166876.334181855
Ol_13458.8	highway	cycleway	Oostelijke leemstreek	0.00549080688060364	4	1.51274526119232	1	1	101	eerste set	200357.831434597	155840.875166932
Ol_1348	highway	unclassified	Oostelijke leemstreek	0.0037867216884292	3	1.49126744270325	1	1	17	eerste set	233690.199112196	162619.342629455
Ol_136.9	highway	tertiary	Oostelijke leemstreek	0	4	1.56462109088898	1	1	11	eerste set	223012.218758023	160321.266997841
Ol_1372.4	highway	unclassified	Oostelijke leemstreek	0	4	1.55182898044586	1	1	6	eerste set	216680.250204651	161662.693960502
Ol_13828	highway	unclassified	Oostelijke leemstreek	0	3	1.40966355800629	0	1	106	eerste set	185857.14938204	167642.101238503
Ol_13833.3	highway	path	Oostelijke leemstreek	0.00337112014190286	4	1.51762568950653	1	1	58	eerste set	183835.114489272	166810.888613604
Ol_139	highway	unclassified	Oostelijke leemstreek	0	3	1.37504625320435	0	1	120	eerste set	223089.511799555	166649.001603331
Ol_14165.16	waterway	stream	Oostelijke leemstreek	0.0824234806872787	4	1.53577792644501	1	1	18	eerste set	237086.829786859	170740.177296668
Ol_14245.12	highway	track	Oostelijke leemstreek	0	3	1.49946486949921	0	1	221	reserve set	220187.09792018	164805.884807835
Ol_14340.13	highway	cycleway	Oostelijke leemstreek	0.0698385576326381	3	1.44505167007446	1	1	63	eerste set	204494.284713721	161785.705264543
Ol_14385.1	highway	cycleway	Oostelijke leemstreek	0	3	1.47602927684784	0	1	48	eerste set	224880.559774409	159749.424558031
Ol_14436	highway	unclassified	Oostelijke leemstreek	0.110205965321132	3	1.41595947742462	0	1	73	eerste set	207326.884592914	161442.988779762
Ol_145.2	highway	unclassified	Oostelijke leemstreek	0	3	1.35601842403412	0	1	160	reserve set	226664.044309933	168308.923850073
Ol_14535.2	waterway	stream	Oostelijke leemstreek	0.0656920806820648	3	1.46206641197205	0	1	305	reserve set	194271.515748155	167885.610347118
Ol_14880.1	highway	track	Oostelijke leemstreek	0	4	1.54464554786682	1	1	206	reserve set	202674.508950073	158343.520123363
Ol_14963.8	highway	track	Oostelijke leemstreek	0	3	1.4916228055954	0	1	293	reserve set	193702.83885442	167537.983279117
Ol_1498.1	highway	tertiary	Oostelijke leemstreek	0	3	1.43369853496552	0	1	209	reserve set	229336.099179579	165288.156423364
Ol_1524.9	highway	unclassified	Oostelijke leemstreek	0	4	1.56224882602692	1	1	180	reserve set	223935.770988655	162830.096689846
Ol_1529.5	highway	unclassified	Oostelijke leemstreek	0	3	1.36683416366577	0	1	132	eerste set	224145.83815101	165435.712429006
Ol_15393.2	highway	track	Oostelijke leemstreek	0	3	1.47585690021515	0	1	189	reserve set	183214.4075087	164878.845121988
Ol_15411	highway	track	Oostelijke leemstreek	0	3	1.3755019903183	0	1	256	reserve set	183245.87892673	166167.966115683
Ol_15420.1	highway	track	Oostelijke leemstreek	0	3	1.45282900333405	0	1	53	eerste set	182856.325557237	167174.154177431
Ol_15571.4	highway	path	Oostelijke leemstreek	0	3	1.42270517349243	0	1	98	eerste set	184228.809409843	162484.140720695
Ol_15584.1	highway	cycleway	Oostelijke leemstreek	0	3	1.413090467453	0	1	55	eerste set	206804.110563939	163331.951862158
Ol_1560.4	highway	unclassified	Oostelijke leemstreek	0.0131641294871968	4	1.52934610843658	1	1	140	reserve set	231676.482569175	166936.488321831
Ol_1561.5	highway	unclassified	Oostelijke leemstreek	0.0272411440849453	4	1.54437923431396	1	1	48	eerste set	231499.235004708	167668.618547287
Ol_15619.2	waterway	drain	Oostelijke leemstreek	0	3	1.40293025970459	0	1	220	reserve set	210899.395421558	158527.097328155
Ol_1562.2	highway	unclassified	Oostelijke leemstreek	0.0234975030873275	3	1.41489696502686	1	1	56	eerste set	231099.052090096	168270.279170102
Ol_15627.2	waterway	stream	Oostelijke leemstreek	0.0028628181497283	3	1.43089699745178	0	1	199	reserve set	210875.344154155	159552.389287298
Ol_15655	highway	cycleway	Oostelijke leemstreek	0	3	1.50610101222992	0	1	136	eerste set	211617.094026497	163677.262890843
Ol_1569.2	highway	unclassified	Oostelijke leemstreek	0	3	1.42785835266113	0	1	216	reserve set	232664.007397295	167850.480204637
Ol_1573.4	highway	unclassified	Oostelijke leemstreek	0	4	1.53765642642975	0	1	54	reserve set	235657.891062307	167502.901387817
Ol_1577.5	highway	unclassified	Oostelijke leemstreek	0	4	1.56236660480499	1	1	120	reserve set	235453.111048813	164806.174934255
Ol_1579.18	highway	unclassified	Oostelijke leemstreek	0	4	1.55382573604584	1	1	198	reserve set	234488.203302502	165679.719584822
Ol_1579.7	highway	unclassified	Oostelijke leemstreek	0.0120665619429798	4	1.51642608642578	1	1	55	eerste set	234900.895457019	166048.187329666
Ol_1580.1	highway	unclassified	Oostelijke leemstreek	0	3	1.44895374774933	0	1	232	reserve set	233276.726770322	165569.665633281
Ol_1582.15	highway	unclassified	Oostelijke leemstreek	0	3	1.50710296630859	0	1	144	eerste set	234121.581973459	163236.548373216
Ol_1585.1	highway	unclassified	Oostelijke leemstreek	0.0351318492240869	4	1.51607489585876	1	1	3	eerste set	233699.92734105	163464.566212285
Ol_1586.11	highway	unclassified	Oostelijke leemstreek	0.0694659294222803	4	1.56396412849426	1	1	162	reserve set	232735.480538124	163726.100952623
Ol_1587.1	highway	track	Oostelijke leemstreek	0	4	1.54838824272156	1	1	76	eerste set	232338.238692403	164118.728311858
Ol_1596.9	highway	unclassified	Oostelijke leemstreek	0.0365282005213764	3	1.3907243013382	1	1	50	eerste set	232674.999396339	166948.523669225
Ol_15989.4	waterway	stream	Oostelijke leemstreek	0	3	1.37175321578979	0	1	87	eerste set	219393.94651857	169039.913417886
Ol_16.1	highway	unclassified	Oostelijke leemstreek	0	3	1.41762733459473	0	1	127	eerste set	238853.803691103	170959.223618436
Ol_16003.1	waterway	stream	Oostelijke leemstreek	0	3	1.38710868358612	0	1	46	eerste set	214731.652625022	165880.650617425
Ol_16027.4	waterway	stream	Oostelijke leemstreek	0	3	1.35848307609558	0	1	20	eerste set	212934.259844745	157015.01022844
Ol_1609.10	highway	unclassified	Oostelijke leemstreek	0	3	1.42034924030304	0	1	100	eerste set	226258.730873472	161765.782413429
Ol_1620.4	highway	unclassified	Oostelijke leemstreek	0	3	1.44692313671112	0	1	91	eerste set	227729.122998045	170537.506519447
Ol_1624.19	highway	unclassified	Oostelijke leemstreek	0	3	1.49605941772461	0	1	279	reserve set	237143.671235082	165951.336954333
Ol_16240.2	highway	track	Oostelijke leemstreek	0	3	1.38910615444183	0	1	306	reserve set	215462.744369431	167264.619058245
Ol_1625.7	highway	unclassified	Oostelijke leemstreek	0	3	1.45561671257019	0	1	95	eerste set	236747.891806762	165287.812410792
Ol_1626.10	highway	unclassified	Oostelijke leemstreek	0	3	1.4840384721756	0	1	35	eerste set	238437.622739995	168390.159618359
Ol_16269.3	waterway	ditch	Oostelijke leemstreek	0.0110206703605045	3	1.40027451515198	0	1	207	reserve set	183672.264491551	163026.469826381
Ol_1628.4	highway	unclassified	Oostelijke leemstreek	0.0104918032213506	4	1.5628217458725	1	1	178	reserve set	219138.991550459	160686.798268397
Ol_16385.2	highway	unclassified	Oostelijke leemstreek	0	3	1.42091047763824	0	1	57	eerste set	183133.285467566	165397.07211886
Ol_16403.1	highway	cycleway	Oostelijke leemstreek	0	3	1.42887055873871	0	1	24	eerste set	230565.613132409	163003.497210834
Ol_1649.1	highway	unclassified	Oostelijke leemstreek	0	3	1.48297083377838	0	1	143	eerste set	223909.940176799	167640.577460072
Ol_16494.5	waterway	stream	Oostelijke leemstreek	0	3	1.44699442386627	0	1	79	eerste set	203188.652643814	167657.557848725
Ol_16672.4	highway	unclassified	Oostelijke leemstreek	0	4	1.55277299880981	1	1	68	eerste set	216169.054657397	158288.322333782
Ol_16690	highway	track	Oostelijke leemstreek	0.08257350339669	3	1.36575663089752	1	1	21	eerste set	180959.04900255	169982.152653371
Ol_16693	highway	path	Oostelijke leemstreek	0.0368028028667034	3	1.44406759738922	0	1	182	reserve set	184276.657775735	166698.052560266
Ol_16774.6	highway	track	Oostelijke leemstreek	0	3	1.46720051765442	0	1	225	reserve set	204314.180908501	166810.330449945
Ol_16840.5	waterway	stream	Oostelijke leemstreek	0	3	1.38881373405457	0	1	117	eerste set	224099.609967419	170335.634245373
Ol_16844	highway	footway	Oostelijke leemstreek	0	3	1.3777459859848	0	1	249	reserve set	223933.625977256	169741.377438145
Ol_1686.1	highway	unclassified	Oostelijke leemstreek	0	3	1.36954545974731	0	1	3	eerste set	239285.049362497	170630.194267448
Ol_1703.12	highway	unclassified	Oostelijke leemstreek	0	4	1.51441860198975	1	1	126	reserve set	233100.104648833	167594.427132072
Ol_1703.3	highway	unclassified	Oostelijke leemstreek	0.0358223489973753	3	1.44249153137207	1	1	30	eerste set	232702.22063669	167403.965540161
Ol_1703.40	highway	unclassified	Oostelijke leemstreek	0.0060947008353788	3	1.47700798511505	1	1	4	eerste set	234439.940463872	167987.31760762
Ol_17347.1	highway	tertiary	Oostelijke leemstreek	0.0030257794066908	3	1.36938035488129	0	1	103	eerste set	196372.729718792	164413.076280953
Ol_1735.6	highway	unclassified	Oostelijke leemstreek	0.0251044402864179	4	1.51808500289917	1	1	196	reserve set	205273.956523697	165150.56205002
Ol_1739.3	highway	unclassified	Oostelijke leemstreek	0	3	1.43122935295105	0	1	265	reserve set	224649.714941575	167994.218750854
Ol_17525.1	highway	track	Oostelijke leemstreek	0	3	1.41221487522125	1	1	55	eerste set	218999.554010707	162187.518792288
Ol_17628.3	waterway	ditch	Oostelijke leemstreek	0	4	1.53333723545074	0	1	35	reserve set	228114.843943227	161123.301387707
Ol_1765.9	highway	unclassified	Oostelijke leemstreek	0.0482611039466574	3	1.50686466693878	1	1	81	reserve set	197837.797954486	167367.211633069
Ol_17802.9	waterway	stream	Oostelijke leemstreek	0	3	1.43384110927582	0	1	108	eerste set	227037.940118516	161388.124654992
Ol_17847.5	highway	track	Oostelijke leemstreek	0.108160733688782	3	1.48785185813904	1	1	49	eerste set	228742.160738826	158593.87437582
Ol_17859	waterway	stream	Oostelijke leemstreek	0	3	1.37365782260895	0	1	162	reserve set	227986.044295368	161895.490053799
Ol_17861.6	waterway	stream	Oostelijke leemstreek	0	3	1.46938848495483	0	1	110	eerste set	227410.500313019	161468.874337068
Ol_17983.1.7	waterway	stream	Oostelijke leemstreek	0	3	1.41318166255951	0	1	243	reserve set	222938.10651666	167006.960911152
Ol_17999.10	highway	track	Oostelijke leemstreek	0.00534580674720395	3	1.42361962795258	1	1	16	eerste set	232994.395902537	166648.587478096
Ol_1803.9	highway	track	Oostelijke leemstreek	0	3	1.35520124435425	0	1	159	reserve set	200397.378221506	167444.344244913
Ol_18064.5	highway	track	Oostelijke leemstreek	0	3	1.47215008735657	1	1	11	eerste set	225506.552912038	163126.80453607
Ol_18070.4	highway	track	Oostelijke leemstreek	0	3	1.4034161567688	0	1	300	reserve set	230531.701502462	165727.625425709
Ol_18097.6	highway	cycleway	Oostelijke leemstreek	0	3	1.47463345527649	0	1	84	eerste set	228434.55133406	165538.084412703
Ol_18099.2	highway	unclassified	Oostelijke leemstreek	0.00669564249909448	4	1.56189703941345	1	1	186	reserve set	236129.98485385	166671.708978333
Ol_18105.4	highway	unclassified	Oostelijke leemstreek	0	4	1.56818950176239	1	1	132	reserve set	240547.612316996	167154.022677555
Ol_18110.1	highway	track	Oostelijke leemstreek	0	3	1.40942168235779	1	1	44	eerste set	220559.147265276	165555.49569234
Ol_18140.4	highway	unclassified	Oostelijke leemstreek	0.00140283243777549	4	1.53764843940735	1	1	2	eerste set	237566.651135884	170694.745296361
Ol_18277.5	highway	unclassified	Oostelijke leemstreek	0.00409458972690126	4	1.51222884654999	1	1	57	eerste set	237527.535650348	168462.862951797
Ol_18283.20	highway	unclassified	Oostelijke leemstreek	0.00203234270475166	4	1.5552921295166	1	1	50	eerste set	235439.593179865	168568.304827884
Ol_18283.5	highway	unclassified	Oostelijke leemstreek	0.128365144973014	4	1.5157665014267	1	1	185	reserve set	234801.363568698	168166.354236504
Ol_1837.9	highway	track	Oostelijke leemstreek	0.300446022610884	4	1.54188191890717	0	1	16	eerste set	192212.24857861	167867.664344356
Ol_18690.1.4	highway	track	Oostelijke leemstreek	0	3	1.37129437923431	0	1	206	reserve set	219239.986303495	166768.152237817
Ol_1883.1	highway	path	Oostelijke leemstreek	0.00463649503168806	3	1.41869294643402	0	1	285	reserve set	196086.236244552	166707.953096189
Ol_1901.30	highway	unclassified	Oostelijke leemstreek	0	3	1.36192297935486	0	1	301	reserve set	178124.985214899	170129.100607499
Ol_1901.4	highway	unclassified	Oostelijke leemstreek	0	3	1.37859177589417	0	1	121	eerste set	179304.874154024	169658.414290719
Ol_1903.3	highway	track	Oostelijke leemstreek	0	3	1.50806355476379	0	1	89	eerste set	178497.357083672	170649.252240853
Ol_1904.6	highway	track	Oostelijke leemstreek	0	4	1.52463328838348	0	1	51	reserve set	179099.759751628	170771.087034189
Ol_19136.9	waterway	stream	Oostelijke leemstreek	0	4	1.52304530143738	0	1	39	reserve set	212975.009105781	165347.43283424
Ol_19155.13	highway	unclassified	Oostelijke leemstreek	0	3	1.49764025211334	0	1	302	reserve set	212223.679514588	165994.791820109
Ol_1923.15	highway	unclassified	Oostelijke leemstreek	0.0113273983231145	3	1.47238874435425	0	1	289	reserve set	195839.91013971	165680.342961847
Ol_1927.11	highway	unclassified	Oostelijke leemstreek	0	4	1.56618881225586	1	1	41	eerste set	199638.671737804	167374.663808767
Ol_1939.2	highway	unclassified	Oostelijke leemstreek	0	4	1.56191754341125	1	1	163	reserve set	197795.130666957	166630.8619535
Ol_1951.2	highway	track	Oostelijke leemstreek	0.153789730044836	4	1.53440463542938	1	1	26	eerste set	199336.166794577	162803.774065032
Ol_19569.2	highway	track	Oostelijke leemstreek	0	3	1.40547740459442	0	1	212	reserve set	206755.576643406	165143.052418387
Ol_19743	highway	track	Oostelijke leemstreek	0.00312096055637837	3	1.35306525230408	0	1	271	reserve set	183893.529546048	165211.722681703
Ol_1993.13	highway	tertiary	Oostelijke leemstreek	0	3	1.50511109828949	1	1	71	eerste set	201706.5407235	161451.135611366
Ol_1997.2	highway	unclassified	Oostelijke leemstreek	0	3	1.43517029285431	0	1	83	eerste set	198554.444488714	164950.670359733
Ol_2003.6	highway	unclassified	Oostelijke leemstreek	0.0446507260130405	3	1.45652008056641	1	1	64	eerste set	195039.491729218	165286.860604139
Ol_2008.16	highway	unclassified	Oostelijke leemstreek	0.143464726050946	3	1.44611644744873	1	1	122	reserve set	195845.505842097	162786.960675025
Ol_2008.5	highway	unclassified	Oostelijke leemstreek	0.152089501009306	3	1.41495168209076	1	1	115	reserve set	195472.317218728	163205.750045648
Ol_20114.9	highway	track	Oostelijke leemstreek	0.00165517490484299	3	1.36589777469635	0	1	30	eerste set	216221.337788517	165156.381923228
Ol_2025.4	highway	unclassified	Oostelijke leemstreek	0.0902416039929035	4	1.54544901847839	1	1	181	reserve set	202613.085077723	157026.785602831
Ol_20273.2	highway	track	Oostelijke leemstreek	0	3	1.47221386432648	0	1	203	reserve set	219410.326880186	163281.965481635
Ol_20279.4	highway	unclassified	Oostelijke leemstreek	0	4	1.51972651481628	1	1	63	eerste set	216079.330636929	163440.630724179
Ol_2028.3	highway	unclassified	Oostelijke leemstreek	0.234395046306491	3	1.48277115821838	1	1	105	reserve set	202928.799320215	158914.012031968
Ol_20289	highway	track	Oostelijke leemstreek	0	3	1.44931745529175	0	1	16	eerste set	218247.544885427	161753.914461554
Ol_2030.1	highway	unclassified	Oostelijke leemstreek	0.00687528301169042	4	1.56754231452942	1	1	184	reserve set	201166.844013663	159122.087417375
Ol_20330.2	highway	track	Oostelijke leemstreek	0	3	1.46109747886658	0	1	254	reserve set	216570.231996309	169569.28361288
Ol_20331.2	highway	track	Oostelijke leemstreek	0	3	1.48141932487488	0	1	280	reserve set	216709.040493662	169890.648009623
Ol_20353.19	waterway	stream	Oostelijke leemstreek	0	3	1.38178467750549	0	1	59	eerste set	213879.351906128	159595.208744502
Ol_20353.8	waterway	stream	Oostelijke leemstreek	0	3	1.41817677021027	0	1	124	eerste set	213765.793620632	159169.971358353
Ol_2048.19	highway	tertiary	Oostelijke leemstreek	0.0413254047322151	3	1.43839931488037	1	1	104	reserve set	201644.441147375	156555.903523402
Ol_2059.11	highway	unclassified	Oostelijke leemstreek	0	4	1.54781818389893	0	1	14	eerste set	203432.340145458	165658.152186854
Ol_2060.11	highway	unclassified	Oostelijke leemstreek	0	4	1.51527905464172	1	1	159	reserve set	201554.073688354	164445.121591561
Ol_2063.12	highway	tertiary	Oostelijke leemstreek	0.102099902634282	4	1.54401397705078	1	1	12	eerste set	201701.486341934	162719.373886585
Ol_20649.12	highway	unclassified	Oostelijke leemstreek	0	3	1.37977838516235	0	1	28	eerste set	207672.200115662	165019.91657851
Ol_20890	waterway	ditch	Oostelijke leemstreek	0	3	1.39712512493134	0	1	186	reserve set	196709.175006276	164989.461892324
Ol_20925.6	highway	track	Oostelijke leemstreek	0.0422190038494715	4	1.56251847743988	1	1	65	eerste set	207840.235848565	160367.326232954
Ol_21017.10	highway	track	Oostelijke leemstreek	0	3	1.41418731212616	0	1	176	reserve set	178818.245844404	169045.672015622
Ol_2128.8	highway	unclassified	Oostelijke leemstreek	0.0193319315801442	4	1.52872121334076	1	1	56	eerste set	190225.209077959	160739.233781754
Ol_2137	highway	unclassified	Oostelijke leemstreek	0	3	1.43651497364044	0	1	142	eerste set	214011.599253232	168414.392235439
Ol_2155.7	highway	unclassified	Oostelijke leemstreek	0.128339765423522	3	1.48429226875305	0	1	219	reserve set	193915.753355229	166324.011019122
Ol_2184.10	highway	unclassified	Oostelijke leemstreek	0.0307519661625918	3	1.43805611133575	1	1	116	reserve set	219408.560591664	161763.77693428
Ol_21904.1	highway	unclassified	Oostelijke leemstreek	0	3	1.48101484775543	0	1	224	reserve set	211682.158513028	165313.623831724
Ol_2214.11	highway	track	Oostelijke leemstreek	1.03927278075092e-06	4	1.55272579193115	0	1	42	reserve set	187380.056777242	166779.382204011
Ol_2231.6	highway	unclassified	Oostelijke leemstreek	0	3	1.43873870372772	0	1	114	eerste set	213842.08754632	167208.415836559
Ol_2249	highway	unclassified	Oostelijke leemstreek	0	3	1.48774194717407	0	1	13	eerste set	204333.994603589	165708.071129062
Ol_22546.2	waterway	stream	Oostelijke leemstreek	0.197742310128274	3	1.44980704784393	1	1	20	eerste set	202064.240134406	157275.776999031
Ol_22555	waterway	stream	Oostelijke leemstreek	0.00697366404432042	3	1.39494228363037	0	1	104	eerste set	200435.748856852	159123.129937502
Ol_22558.14	highway	track	Oostelijke leemstreek	0.0602479023517257	3	1.4795013666153	0	1	49	eerste set	196123.323620522	163905.537106993
Ol_2256	highway	unclassified	Oostelijke leemstreek	0.00232108669866019	4	1.53696274757385	1	1	114	reserve set	210429.390320241	163843.171577937
Ol_2263.1	highway	unclassified	Oostelijke leemstreek	0	3	1.47061383724213	0	1	33	eerste set	212265.919792174	167354.473703141
Ol_2267	highway	tertiary	Oostelijke leemstreek	0	4	1.51012825965881	1	1	148	reserve set	215487.040824315	165641.641761787
Ol_22696	highway	track	Oostelijke leemstreek	0	3	1.42123246192932	0	1	58	eerste set	215576.364094895	168334.731854155
Ol_2279.16	highway	unclassified	Oostelijke leemstreek	0.135749048137078	4	1.54233968257904	1	1	160	reserve set	205140.850407851	159433.670913807
Ol_2300.1	highway	unclassified	Oostelijke leemstreek	0.0266938678109568	3	1.41277039051056	0	1	66	eerste set	186999.04384718	165214.425001912
Ol_2303.2	highway	tertiary	Oostelijke leemstreek	0.0238451400005212	3	1.47557258605957	1	1	13	eerste set	186654.111807281	165179.279919953
Ol_2303.20	highway	tertiary	Oostelijke leemstreek	0.00213737756350853	4	1.53404688835144	1	1	51	eerste set	185819.11803631	164848.270390796
Ol_2307	highway	track	Oostelijke leemstreek	0	3	1.50146389007568	0	1	12	eerste set	188391.980243612	165825.532618018
Ol_23088.2	highway	unclassified	Oostelijke leemstreek	0	3	1.36906850337982	0	1	115	eerste set	223919.428974797	169389.203326122
Ol_2331.3	highway	track	Oostelijke leemstreek	0	3	1.42934727668762	0	1	39	eerste set	183904.462227692	167394.006408755
Ol_2335.6	highway	unclassified	Oostelijke leemstreek	0	3	1.44318652153015	0	1	5	eerste set	183502.862023405	167309.830730014
Ol_23351.1	highway	track	Oostelijke leemstreek	0	3	1.43497920036316	0	1	270	reserve set	206937.668984083	164419.165384326
Ol_2358.2	highway	unclassified	Oostelijke leemstreek	0	3	1.49295735359192	0	1	17	eerste set	238936.730599445	169452.539058911
Ol_2364.5	highway	track	Oostelijke leemstreek	0.0052754066846427	3	1.38067102432251	0	1	116	eerste set	222926.33811983	162188.240179532
Ol_2366	highway	track	Oostelijke leemstreek	0	3	1.3860319852829	0	1	185	reserve set	202568.809769261	167251.493803655
Ol_23700.2.16	highway	track	Oostelijke leemstreek	0	3	1.46005249023438	0	1	195	reserve set	203107.768693614	163946.89309369
Ol_2375.1	highway	unclassified	Oostelijke leemstreek	0	3	1.39565062522888	0	1	119	eerste set	203107.411725102	166637.504019601
Ol_2383.14	highway	tertiary	Oostelijke leemstreek	0	4	1.5410293340683	1	1	7	eerste set	210404.170210833	161273.627671151
Ol_23905.3	highway	unclassified	Oostelijke leemstreek	0.127367746646746	4	1.51556599140167	1	1	37	eerste set	221879.961462145	163830.600493179
Ol_2395.2	highway	unclassified	Oostelijke leemstreek	0.0233903188227977	3	1.50801515579224	1	1	33	eerste set	201081.390224783	164489.110364921
Ol_2396.14	highway	track	Oostelijke leemstreek	0.193967416183595	4	1.55868673324585	1	1	121	reserve set	201679.259027193	163193.015777739
Ol_24.19	highway	unclassified	Oostelijke leemstreek	0.0112668010087337	4	1.56326270103455	1	1	69	eerste set	239585.877670189	167527.316716559
Ol_24.9	highway	unclassified	Oostelijke leemstreek	0.0445034519031986	4	1.56896424293518	1	1	77	eerste set	240070.080342378	167580.561970762
Ol_2406.2	highway	unclassified	Oostelijke leemstreek	0	3	1.49694132804871	0	1	263	reserve set	200517.298590954	163113.062429067
Ol_2423.6	highway	unclassified	Oostelijke leemstreek	0.278486013437065	4	1.51730895042419	1	1	107	reserve set	198626.934531307	159802.991968646
Ol_2424.15	highway	unclassified	Oostelijke leemstreek	0.00304331722329161	4	1.53611302375793	0	1	18	eerste set	198676.197257025	158504.177877822
Ol_2426.16	highway	unclassified	Oostelijke leemstreek	0.120227650953994	4	1.5656418800354	1	1	73	eerste set	205272.494937025	160194.212311437
Ol_24340.9	highway	track	Oostelijke leemstreek	0	3	1.38595187664032	0	1	233	reserve set	214296.104826804	164126.936815546
Ol_24421.3	waterway	ditch	Oostelijke leemstreek	0	3	1.36189925670624	0	1	197	reserve set	188392.957085967	163982.844141631
Ol_24670.2	highway	path	Oostelijke leemstreek	0	3	1.48171854019165	0	1	6	eerste set	210303.901190989	167322.767564321
Ol_2468.6	highway	unclassified	Oostelijke leemstreek	0	3	1.45184588432312	0	1	150	eerste set	206304.792186156	163471.316107204
Ol_2469.1	highway	unclassified	Oostelijke leemstreek	0	3	1.48991584777832	1	1	138	reserve set	206419.783051804	164106.826943062
Ol_24758.4	waterway	ditch	Oostelijke leemstreek	0	3	1.38431704044342	0	1	304	reserve set	188702.585920711	164224.010449382
Ol_24781.11	waterway	stream	Oostelijke leemstreek	0	3	1.42533040046692	0	1	111	eerste set	217838.527671459	165638.151923053
Ol_2484.13	highway	unclassified	Oostelijke leemstreek	0.0630754540041868	3	1.50166511535645	1	1	129	reserve set	234571.88436557	170999.302564979
Ol_2485.4	highway	unclassified	Oostelijke leemstreek	0.0178230687578956	3	1.47252368927002	1	1	136	reserve set	234132.901429207	170696.336150521
Ol_2487.9	highway	unclassified	Oostelijke leemstreek	0.0228866852087702	4	1.55740594863892	1	1	38	eerste set	234853.465114744	170486.475695961
Ol_2490.3	highway	unclassified	Oostelijke leemstreek	0	4	1.5211728811264	1	1	189	reserve set	233762.287981558	169153.371840904
Ol_2506	highway	unclassified	Oostelijke leemstreek	0.0246614430768797	4	1.54748463630676	1	1	8	eerste set	192371.582431678	163357.271402842
Ol_2522.3	highway	cycleway	Oostelijke leemstreek	0	3	1.43008410930634	1	1	134	reserve set	220809.767309526	167765.796984244
Ol_2529.2	highway	track	Oostelijke leemstreek	0	3	1.35235822200775	1	1	46	eerste set	220257.018292056	167309.125733076
Ol_2531.2.1	highway	unclassified	Oostelijke leemstreek	0	3	1.44543242454529	1	1	112	reserve set	220250.500276527	166317.114855533
Ol_2545.2	highway	unclassified	Oostelijke leemstreek	0	3	1.38445210456848	1	1	61	eerste set	221321.266769589	166841.125458362
Ol_2546.14	highway	unclassified	Oostelijke leemstreek	0.0307127981202141	4	1.54705321788788	1	1	32	eerste set	221160.959298623	166327.867341039
Ol_2566.13	highway	track	Oostelijke leemstreek	0	3	1.4708366394043	0	1	149	eerste set	225594.961757492	169879.224022861
Ol_2569.6	highway	unclassified	Oostelijke leemstreek	0	3	1.47379243373871	0	1	163	reserve set	225174.124355013	170806.858626711
Ol_2616.1	highway	unclassified	Oostelijke leemstreek	0	3	1.47968709468842	0	1	129	eerste set	220091.187526568	160963.90793459
Ol_2628	highway	unclassified	Oostelijke leemstreek	0	3	1.39309251308441	0	1	134	eerste set	231017.613541894	172292.38965285
Ol_2669.12	highway	track	Oostelijke leemstreek	0.0933881096858358	4	1.5589611530304	1	1	151	reserve set	181248.046703311	164491.569060418
Ol_2732.1	highway	unclassified	Oostelijke leemstreek	0	3	1.44186913967133	0	1	262	reserve set	182042.234246714	163666.935563861
Ol_2773.9	highway	unclassified	Oostelijke leemstreek	0	3	1.49043965339661	1	1	42	eerste set	208353.053433606	162568.173396038
Ol_2788.7	highway	unclassified	Oostelijke leemstreek	0	3	1.50977385044098	0	1	71	eerste set	234412.369252021	172535.602206721
Ol_2795.5	highway	unclassified	Oostelijke leemstreek	0	4	1.54082524776459	0	1	2	eerste set	203671.060331973	165122.043083684
Ol_28.1.7	highway	unclassified	Oostelijke leemstreek	0	4	1.54703509807587	1	1	197	reserve set	238759.672998125	168039.992912508
Ol_2813.7	highway	tertiary	Oostelijke leemstreek	0.0674733678580952	3	1.49021661281586	1	1	12	eerste set	179110.28994624	165989.279828408
Ol_2819.2	highway	unclassified	Oostelijke leemstreek	0.0601964021467195	3	1.46839451789856	1	1	1	eerste set	232514.477103338	166011.38501439
Ol_290.12	highway	unclassified	Oostelijke leemstreek	0	3	1.43836081027985	0	1	226	reserve set	178426.607646849	167545.676846868
Ol_2954.5	highway	unclassified	Oostelijke leemstreek	0.0102350460777558	4	1.56342530250549	1	1	154	reserve set	233729.63259549	168081.640415495
Ol_2963.1	highway	unclassified	Oostelijke leemstreek	0	3	1.42904877662659	0	1	194	reserve set	231962.887555398	170066.623503755
Ol_3041.8	waterway	stream	Oostelijke leemstreek	0.00602322537222466	3	1.49634838104248	0	1	259	reserve set	225977.197989378	159599.13855676
Ol_3086.3	highway	track	Oostelijke leemstreek	0	4	1.51279473304749	0	1	3	eerste set	213339.633133183	167836.867773107
Ol_3095.1	highway	unclassified	Oostelijke leemstreek	0	4	1.5294451713562	0	1	56	reserve set	238412.189055055	166127.237799228
Ol_3141	highway	unclassified	Oostelijke leemstreek	0	3	1.43959128856659	0	1	171	reserve set	238268.981084697	166939.542616697
Ol_3145.11	highway	unclassified	Oostelijke leemstreek	0	4	1.56746017932892	1	1	74	eerste set	225051.580940091	158552.569019946
Ol_3150.1	highway	path	Oostelijke leemstreek	0	3	1.38297629356384	0	1	82	eerste set	228760.645340195	163159.536547339
Ol_3161.24	highway	unclassified	Oostelijke leemstreek	0	3	1.46641194820404	1	1	10	eerste set	233073.419559667	164293.141670902
Ol_3161.31	highway	unclassified	Oostelijke leemstreek	0	3	1.49537992477417	1	1	34	eerste set	232842.574488812	164539.04649538
Ol_3242.2	highway	tertiary	Oostelijke leemstreek	0	3	1.47173285484314	0	1	192	reserve set	228298.946137718	167090.535314314
Ol_3244.3	highway	unclassified	Oostelijke leemstreek	0	3	1.37048733234406	0	1	102	eerste set	228186.122775	166589.555799858
Ol_326.1	highway	track	Oostelijke leemstreek	0.0448361683572145	3	1.37733471393585	1	1	45	eerste set	186677.507514828	162323.863745173
Ol_3295.2	highway	unclassified	Oostelijke leemstreek	0	3	1.46188879013062	0	1	97	eerste set	225363.411824371	164665.197233575
Ol_3326.9	highway	track	Oostelijke leemstreek	0	4	1.52876102924347	0	1	9	eerste set	228924.305255966	166424.447547538
Ol_3329.8	highway	unclassified	Oostelijke leemstreek	0	3	1.36178159713745	0	1	157	reserve set	228946.614921314	167306.620960131
Ol_3361.13	highway	cycleway	Oostelijke leemstreek	0	3	1.46762526035309	0	1	297	reserve set	188337.090685176	162737.187014843
Ol_3362.1	highway	unclassified	Oostelijke leemstreek	0.00193611727609135	3	1.49289727210999	1	1	132	reserve set	189413.219539133	162793.445260386
Ol_34.5	highway	unclassified	Oostelijke leemstreek	0.0327226042130246	4	1.54130887985229	1	1	168	reserve set	238131.507938251	171807.483866058
Ol_3415.3	highway	unclassified	Oostelijke leemstreek	0	3	1.386270403862	0	1	188	reserve set	185570.29067283	162223.991188737
Ol_3417.2	highway	unclassified	Oostelijke leemstreek	0.0116774039417698	3	1.46144986152649	1	1	74	reserve set	199495.943229632	163137.346247773
Ol_3420.5	highway	unclassified	Oostelijke leemstreek	0	3	1.49973487854004	0	1	22	eerste set	203686.854064763	166245.76728015
Ol_3422.10	highway	tertiary	Oostelijke leemstreek	0.01956988940749	4	1.51403093338013	1	1	93	eerste set	195896.583414036	163224.511990116
Ol_3539.2	highway	tertiary	Oostelijke leemstreek	0	3	1.44135057926178	0	1	62	eerste set	231304.413229028	172413.759138678
Ol_3553.4	highway	cycleway	Oostelijke leemstreek	0	3	1.41179227828979	0	1	168	reserve set	189338.640583452	164099.854118477
Ol_357.6	highway	track	Oostelijke leemstreek	0	3	1.44414138793945	1	1	57	eerste set	180709.451203397	167170.394707176
Ol_3631.1	highway	track	Oostelijke leemstreek	0.00526054250026332	3	1.40753507614136	1	1	101	reserve set	239163.849016249	165168.186411866
Ol_3648.7	highway	unclassified	Oostelijke leemstreek	0.169160550732514	4	1.53037917613983	1	1	1	eerste set	238809.67112529	167457.725045668
Ol_3683.7	highway	unclassified	Oostelijke leemstreek	0	4	1.53395962715149	1	1	165	reserve set	204303.787043154	157669.935798304
Ol_3690.4	highway	unclassified	Oostelijke leemstreek	0.0315729678331083	4	1.52415466308594	1	1	115	reserve set	205703.031049373	155707.762017744
Ol_3691	highway	unclassified	Oostelijke leemstreek	0	3	1.48476505279541	1	1	94	reserve set	204420.262400737	158499.088629819
Ol_3784.4	highway	unclassified	Oostelijke leemstreek	0	4	1.53302264213562	0	1	30	eerste set	232300.679072861	170837.332470456
Ol_3795.8	highway	unclassified	Oostelijke leemstreek	0.0305668741455934	3	1.50212943553925	1	1	144	reserve set	235524.005933182	170358.343883841
Ol_3798.4	highway	unclassified	Oostelijke leemstreek	0.0302175135391253	4	1.56776070594788	1	1	167	reserve set	237403.315756546	170256.65276732
Ol_3799.2	highway	unclassified	Oostelijke leemstreek	0.185920581964739	3	1.49648380279541	1	1	6	eerste set	237946.24560247	171077.268475488
Ol_3802.13	highway	unclassified	Oostelijke leemstreek	0.0349244403257866	4	1.56227219104767	1	1	70	eerste set	235518.036773286	172057.240390038
Ol_3802.3	highway	unclassified	Oostelijke leemstreek	0.0219630920926578	3	1.48736774921417	0	1	248	reserve set	235040.284972136	171857.650144441
Ol_3806.9	highway	unclassified	Oostelijke leemstreek	0	4	1.52883696556091	0	1	10	eerste set	234493.02702617	172137.924100326
Ol_3813.19	highway	unclassified	Oostelijke leemstreek	0.19193949155273	4	1.56773245334625	1	1	134	reserve set	236434.74891793	172159.23505233
Ol_3813.27	highway	unclassified	Oostelijke leemstreek	0.0441177560640236	4	1.55566823482513	1	1	153	reserve set	236605.759961225	171803.339316025
Ol_3816.1	highway	track	Oostelijke leemstreek	0.122831182353837	4	1.55604326725006	1	1	4	eerste set	236900.182953383	172118.215772732
Ol_3824.15	highway	unclassified	Oostelijke leemstreek	0	4	1.55296051502228	0	1	46	reserve set	238649.529915522	166822.879705496
Ol_3828.2	highway	unclassified	Oostelijke leemstreek	0	4	1.51304018497467	0	1	6	eerste set	237379.855042655	167892.605672027
Ol_3833	highway	unclassified	Oostelijke leemstreek	0	3	1.40526497364044	0	1	252	reserve set	238030.730131777	167352.997109335
Ol_3835.5	highway	unclassified	Oostelijke leemstreek	0	4	1.55774462223053	0	1	27	eerste set	237888.23268257	167860.451505209
Ol_3837.9	highway	unclassified	Oostelijke leemstreek	0	3	1.47723722457886	1	1	37	eerste set	237525.289906825	169251.167574497
Ol_3838.4	highway	unclassified	Oostelijke leemstreek	0	4	1.51204633712769	0	1	28	eerste set	234089.034471071	171374.647837076
Ol_3848	highway	unclassified	Oostelijke leemstreek	0.0778114927542441	3	1.43480777740479	1	1	26	eerste set	206521.868148459	165802.955115043
Ol_3946.13	highway	unclassified	Oostelijke leemstreek	0	3	1.43898355960846	0	1	4	eerste set	189116.637859347	164874.233727668
Ol_3951.7	highway	path	Oostelijke leemstreek	1.36686087025747e-05	3	1.41589713096619	0	1	275	reserve set	187566.001784269	166190.392281216
Ol_3978.4	highway	unclassified	Oostelijke leemstreek	0.0159500646691298	4	1.5566873550415	1	1	144	reserve set	235680.376622642	163757.661402689
Ol_4009.1.14	highway	unclassified	Oostelijke leemstreek	0.0276787769120691	4	1.53823578357697	1	1	17	eerste set	208250.649442689	160560.338482276
Ol_4015.1	highway	unclassified	Oostelijke leemstreek	0	3	1.37000024318695	0	1	113	eerste set	230485.292721533	170362.625794306
Ol_4054	highway	unclassified	Oostelijke leemstreek	0	3	1.36384916305542	1	1	100	reserve set	221608.514062852	165344.187062873
Ol_4069.1	highway	track	Oostelijke leemstreek	0.339827047937455	3	1.41164970397949	1	1	126	reserve set	240962.041985931	167662.170566613
Ol_4130.13	highway	track	Oostelijke leemstreek	0.173572916042894	4	1.54945206642151	1	1	207	reserve set	184056.15539423	168394.634928513
Ol_4193	highway	track	Oostelijke leemstreek	0	3	1.47161316871643	0	1	67	eerste set	178857.320070083	170010.086926359
Ol_4208.3	highway	track	Oostelijke leemstreek	0.314207565337566	3	1.48841953277588	1	1	89	reserve set	193567.331668127	164764.779518799
Ol_4224.4	highway	track	Oostelijke leemstreek	0.0797830070217555	4	1.5423150062561	0	1	25	eerste set	179032.055506875	167615.690023012
Ol_4229	highway	track	Oostelijke leemstreek	0.00535630300617542	3	1.49636840820312	0	1	88	eerste set	179447.996060527	168300.347407174
Ol_4242.6	highway	track	Oostelijke leemstreek	0.0845760237173401	3	1.46225166320801	1	1	92	reserve set	180438.820713787	169668.446005097
Ol_4268.2	highway	unclassified	Oostelijke leemstreek	0.0171286168951852	3	1.46587741374969	0	1	255	reserve set	186012.958050518	165503.364438701
Ol_4269.12	highway	unclassified	Oostelijke leemstreek	0	4	1.53811478614807	1	1	79	eerste set	186752.043337521	164548.926661139
Ol_4273.8	highway	unclassified	Oostelijke leemstreek	0.0252491149332733	4	1.54118466377258	0	1	33	reserve set	196029.560923426	165243.587264532
Ol_4285.15	highway	tertiary	Oostelijke leemstreek	0	3	1.41586124897003	0	1	296	reserve set	200934.371710151	165532.88911132
Ol_4312.1	highway	unclassified	Oostelijke leemstreek	0.0462828746992573	4	1.51693475246429	0	1	26	eerste set	193058.378928548	168169.007178776
Ol_4356.4	highway	unclassified	Oostelijke leemstreek	0	3	1.43931531906128	1	1	125	reserve set	210877.954814246	158175.394158857
Ol_4362.14	highway	unclassified	Oostelijke leemstreek	0.148699671051668	4	1.56810820102692	1	1	33	eerste set	196873.164324241	160804.728658513
Ol_4408.14	highway	unclassified	Oostelijke leemstreek	0.0153116632848124	4	1.522589802742	1	1	80	eerste set	196609.871034673	163639.986134711
Ol_4408.8	highway	unclassified	Oostelijke leemstreek	0.078803597166668	4	1.53233432769775	1	1	195	reserve set	196594.334072544	163336.587509293
Ol_4452.7	highway	unclassified	Oostelijke leemstreek	0	4	1.56572449207306	1	1	72	eerste set	234658.379377373	164074.852461981
Ol_4513	highway	track	Oostelijke leemstreek	0.00771591028701243	3	1.49073731899261	1	1	7	eerste set	180234.148834998	169174.666576703
Ol_4523.10	highway	track	Oostelijke leemstreek	0	3	1.36557030677795	0	1	27	eerste set	192424.338575688	166586.886704399
Ol_4539.7	highway	track	Oostelijke leemstreek	0.0536133992126752	4	1.5594664812088	1	1	188	reserve set	184731.302447296	167968.040869402
Ol_4614.4	highway	track	Oostelijke leemstreek	0.0147960948226423	3	1.50858807563782	1	1	95	reserve set	178585.087307998	167211.019380605
Ol_463.30	highway	track	Oostelijke leemstreek	0	3	1.38866460323334	0	1	145	eerste set	178188.272244935	169557.163892157
Ol_4650.4	highway	track	Oostelijke leemstreek	0.0231007410115043	3	1.49830496311188	1	1	79	reserve set	184842.846042281	166030.619231044
Ol_4657.8	highway	unclassified	Oostelijke leemstreek	0.0310506129941651	4	1.52908301353455	1	1	136	reserve set	186748.350025728	163936.833796781
Ol_4665.1	highway	unclassified	Oostelijke leemstreek	0	3	1.39289808273315	1	1	93	reserve set	185515.886324549	163371.426171191
Ol_4678.1	highway	track	Oostelijke leemstreek	0.0125955245485006	3	1.37098932266235	0	1	184	reserve set	185008.494663438	165554.451550351
Ol_4680	highway	tertiary	Oostelijke leemstreek	0	3	1.50846004486084	0	1	76	eerste set	207545.090704688	157716.432765397
Ol_475.20	highway	unclassified	Oostelijke leemstreek	0	4	1.55351483821869	1	1	170	reserve set	181758.332313463	167139.058259876
Ol_476.12	highway	tertiary	Oostelijke leemstreek	0.0189557328403177	4	1.53401303291321	1	1	106	reserve set	182314.200866523	166392.29895212
Ol_4768.4	highway	track	Oostelijke leemstreek	0.00950471844829758	3	1.42589282989502	1	1	99	reserve set	184424.344124806	162769.900547464
Ol_4816.8	highway	track	Oostelijke leemstreek	0.0441443563745752	3	1.46814930438995	1	1	43	eerste set	185378.08884183	162951.408265816
Ol_4830.7	highway	track	Oostelijke leemstreek	0	4	1.55427193641663	1	1	117	reserve set	208509.82541623	165290.030295486
Ol_4857.7	highway	unclassified	Oostelijke leemstreek	0.204026865507043	4	1.55795907974243	1	1	103	eerste set	189074.231593496	160123.551210635
Ol_4864.20	highway	track	Oostelijke leemstreek	0.0379595696409462	4	1.5247300863266	1	1	83	eerste set	189689.759357779	161471.40666966
Ol_487.21	highway	tertiary	Oostelijke leemstreek	0	3	1.47016537189484	1	1	143	reserve set	185890.830383998	167280.271254953
Ol_4871.5	highway	unclassified	Oostelijke leemstreek	0.00776943847385024	4	1.55918157100677	1	1	25	eerste set	190587.285468288	160630.39348075
Ol_5083	highway	track	Oostelijke leemstreek	0	3	1.43408787250519	0	1	238	reserve set	178611.438015032	168367.994916408
Ol_5125.2	highway	track	Oostelijke leemstreek	0.00416130719411262	3	1.45442521572113	0	1	42	eerste set	179741.987023594	167535.06149577
Ol_513.1	highway	tertiary	Oostelijke leemstreek	0	3	1.49524855613708	0	1	37	eerste set	184466.775439975	167084.633754258
Ol_5150.5	highway	unclassified	Oostelijke leemstreek	0	3	1.43234360218048	0	1	240	reserve set	209118.922887376	158137.119725509
Ol_5182.10	highway	unclassified	Oostelijke leemstreek	0.0229748986481389	3	1.48355543613434	1	1	40	eerste set	189405.072300997	163119.326565099
Ol_5241.21	highway	unclassified	Oostelijke leemstreek	0	3	1.50958406925201	0	1	80	eerste set	211715.583926885	164959.667868302
Ol_5258.10	highway	track	Oostelijke leemstreek	0	4	1.54412961006165	0	1	29	eerste set	192232.785774197	165154.685744778
Ol_5356.1	highway	unclassified	Oostelijke leemstreek	0	4	1.54221987724304	1	1	139	reserve set	212976.917554564	158155.180056904
Ol_5471.8	highway	unclassified	Oostelijke leemstreek	0	3	1.44417655467987	0	1	32	eerste set	219713.538226171	163229.6953206
Ol_550.4	highway	track	Oostelijke leemstreek	0.245724115540437	4	1.53756129741669	1	1	60	eerste set	181853.179036568	165037.276205138
Ol_5570.4	highway	track	Oostelijke leemstreek	0.0446266391298512	3	1.46116316318512	1	1	65	eerste set	180092.771565102	169687.865950667
Ol_558.5	highway	path	Oostelijke leemstreek	0.0998732274698811	3	1.41526567935944	1	1	120	reserve set	184274.249403177	163171.345946669
Ol_5614	highway	unclassified	Oostelijke leemstreek	0	3	1.44242143630981	0	1	158	reserve set	179532.799417757	169059.936855647
Ol_5663.9	highway	unclassified	Oostelijke leemstreek	0.0110891931561563	4	1.53699934482574	1	1	28	eerste set	190107.178486415	163127.359580237
Ol_5664.5	highway	unclassified	Oostelijke leemstreek	0	4	1.52220034599304	0	1	20	eerste set	189943.145070597	163598.891014621
Ol_5665.16	highway	unclassified	Oostelijke leemstreek	0	3	1.42832601070404	0	1	277	reserve set	190764.695765475	163216.407475118
Ol_5672	highway	track	Oostelijke leemstreek	0.0456486786809213	3	1.50620234012604	1	1	87	reserve set	196108.545771206	161899.631295145
Ol_5673.5	highway	unclassified	Oostelijke leemstreek	0.178715315852387	3	1.48909962177277	1	1	25	eerste set	195215.876938817	162368.135693979
Ol_5685.19	highway	unclassified	Oostelijke leemstreek	0	3	1.49824297428131	0	1	61	eerste set	197907.273102718	160067.876250903
Ol_5687.8	highway	track	Oostelijke leemstreek	0.00146878737288054	4	1.54779577255249	1	1	102	eerste set	199332.915984696	162129.368695784
Ol_5688.10	highway	unclassified	Oostelijke leemstreek	0.10839390526189	4	1.55796301364899	1	1	98	eerste set	198382.193879669	162372.308601077
Ol_5690.10	highway	tertiary	Oostelijke leemstreek	0	4	1.53028833866119	1	1	156	reserve set	199636.115032802	166911.500369928
Ol_5702.16	highway	unclassified	Oostelijke leemstreek	0	4	1.52736401557922	0	1	55	reserve set	206447.836187391	162528.179145653
Ol_5714.1	highway	unclassified	Oostelijke leemstreek	0.0179818391806229	3	1.50858819484711	0	1	78	eerste set	205736.983128328	165935.487957464
Ol_5737.5	highway	unclassified	Oostelijke leemstreek	0.0468272860948081	4	1.5430908203125	1	1	187	reserve set	206267.749402127	158850.626609652
Ol_5740.2	highway	unclassified	Oostelijke leemstreek	0.00976576676681585	3	1.41874408721924	0	1	161	reserve set	203466.239787961	162726.791543246
Ol_5758.13	highway	unclassified	Oostelijke leemstreek	0.165357622518736	3	1.50492429733276	1	1	139	reserve set	201568.096714087	165080.615974821
Ol_5760.2.14	waterway	stream	Oostelijke leemstreek	0	3	1.43536603450775	0	1	266	reserve set	216736.986862441	163630.26144037
Ol_5786	highway	path	Oostelijke leemstreek	0	3	1.43260776996613	1	1	41	eerste set	215222.406061489	164091.55163267
Ol_5791.5	highway	track	Oostelijke leemstreek	0	3	1.4762761592865	0	1	178	reserve set	213572.935833269	165826.021199043
Ol_5801.15	highway	unclassified	Oostelijke leemstreek	0	3	1.47826933860779	0	1	283	reserve set	233257.854000748	165062.004008693
Ol_5806	highway	track	Oostelijke leemstreek	0.0257547486607296	4	1.51552820205688	0	1	32	reserve set	218727.428630757	164197.739763345
Ol_581.3	highway	track	Oostelijke leemstreek	0.000988239332002729	3	1.46944117546082	0	1	148	eerste set	181335.299675331	167053.658747345
Ol_5810.1.10	highway	unclassified	Oostelijke leemstreek	0	4	1.5197674036026	0	1	44	reserve set	233910.718271508	165833.661652435
Ol_5810.1.20	highway	unclassified	Oostelijke leemstreek	0.0116141877087591	3	1.50372290611267	1	1	131	reserve set	234349.634179055	166083.08646587
Ol_5811.14	highway	unclassified	Oostelijke leemstreek	0.000775639166242016	3	1.4623339176178	0	1	14	eerste set	211644.890324702	162294.909243708
Ol_5812.8	highway	unclassified	Oostelijke leemstreek	0	4	1.53761196136475	1	1	5	eerste set	212178.182356024	160464.284538354
Ol_5816.1	highway	unclassified	Oostelijke leemstreek	0.0343586144206317	4	1.54368484020233	1	1	127	reserve set	210817.11819827	163259.449974255
Ol_5817.11	highway	unclassified	Oostelijke leemstreek	0.041287359745882	4	1.55767703056335	1	1	99	eerste set	210297.859915882	162923.082149536
Ol_5821.5	highway	unclassified	Oostelijke leemstreek	0	3	1.43737030029297	0	1	86	eerste set	213350.879820807	166512.604316737
Ol_5823.6	highway	unclassified	Oostelijke leemstreek	0.22858628963758	4	1.55199408531189	1	1	116	reserve set	210713.745516789	162779.315458688
Ol_5833.6	highway	track	Oostelijke leemstreek	0	3	1.44850063323975	0	1	140	eerste set	213512.345562427	168476.061174807
Ol_5834.8	highway	track	Oostelijke leemstreek	0	3	1.50401020050049	0	1	152	eerste set	216388.463136194	168893.928367337
Ol_586	highway	track	Oostelijke leemstreek	0.0309273876857249	4	1.54549086093903	1	1	27	eerste set	182411.25934994	166811.149456148
Ol_5861.15	highway	unclassified	Oostelijke leemstreek	0	3	1.47274553775787	0	1	130	eerste set	215704.658350662	166155.254400116
Ol_5874.15	highway	track	Oostelijke leemstreek	0.060945879992455	3	1.3967422246933	1	1	70	eerste set	239133.706502955	171990.985765595
Ol_593.1	highway	unclassified	Oostelijke leemstreek	0.122809552249474	3	1.4516693353653	1	1	23	eerste set	185400.030309591	165329.914697679
Ol_593.11	highway	unclassified	Oostelijke leemstreek	0.00194232300414553	4	1.54692435264587	1	1	42	eerste set	185327.397779354	164842.747561283
Ol_5930.8	highway	unclassified	Oostelijke leemstreek	0	4	1.56699109077454	1	1	19	eerste set	208507.966017395	160182.333188328
Ol_5931.1	highway	unclassified	Oostelijke leemstreek	0	3	1.46524178981781	1	1	141	reserve set	209433.547037212	160307.376785625
Ol_594	highway	track	Oostelijke leemstreek	0.0385536747642626	3	1.40105330944061	0	1	47	eerste set	184819.02208102	165289.515182829
Ol_597.4	highway	tertiary	Oostelijke leemstreek	0.159024522739889	4	1.55848050117493	1	1	46	eerste set	184258.491394862	164406.464784756
Ol_5971.17	highway	unclassified	Oostelijke leemstreek	0.208925538211075	3	1.3702358007431	1	1	62	eerste set	204945.155262636	158377.893267142
Ol_5977.3	highway	unclassified	Oostelijke leemstreek	0.123564834514781	3	1.50854396820068	1	1	145	reserve set	206630.843639826	155798.401479889
Ol_5980.12	highway	unclassified	Oostelijke leemstreek	0.0171121653506766	4	1.52743208408356	1	1	23	eerste set	203196.263567509	161180.986031489
Ol_5981.7	highway	unclassified	Oostelijke leemstreek	0	4	1.55990970134735	1	1	171	reserve set	203655.090475009	161560.671971102
Ol_5983.4	highway	unclassified	Oostelijke leemstreek	0.418957662084411	4	1.53047454357147	1	1	40	eerste set	205243.364036506	160805.427082076
Ol_5984.1	highway	unclassified	Oostelijke leemstreek	0.0896713731122343	4	1.55118417739868	1	1	129	reserve set	205042.777116361	161341.925769964
Ol_5985.11	highway	unclassified	Oostelijke leemstreek	0.065584810726072	4	1.5328357219696	1	1	190	reserve set	204565.577469282	161008.626608393
Ol_5989.15	highway	unclassified	Oostelijke leemstreek	0	3	1.48625707626343	0	1	222	reserve set	206913.065899051	162095.524388713
Ol_5989.2	highway	unclassified	Oostelijke leemstreek	0	4	1.54015815258026	0	1	21	eerste set	206339.257975521	161792.634749305
Ol_600.4	highway	unclassified	Oostelijke leemstreek	0.0110560689454719	4	1.53143966197968	1	1	203	reserve set	184752.721947855	164819.922471331
Ol_6012.8	highway	track	Oostelijke leemstreek	0	3	1.47711038589478	0	1	303	reserve set	203107.698267456	162996.247697268
Ol_6019.9	highway	tertiary	Oostelijke leemstreek	0	3	1.50447607040405	1	1	137	reserve set	204796.568303494	163210.39254709
Ol_6022.2	highway	unclassified	Oostelijke leemstreek	0.109790956339401	3	1.49785387516022	0	1	85	eerste set	206492.203226271	165329.151429813
Ol_6034.6.10	waterway	stream	Oostelijke leemstreek	0.1548733966911	3	1.4736955165863	0	1	257	reserve set	200374.906835177	164015.734219639
Ol_6034.6.29	waterway	stream	Oostelijke leemstreek	0.0466672667143252	3	1.43069934844971	0	1	18	eerste set	200868.198996234	164707.214955004
Ol_6034.6.37	waterway	stream	Oostelijke leemstreek	0.0833353351240978	3	1.40000450611115	0	1	204	reserve set	201055.031522988	165006.05764359
Ol_6090.11	highway	unclassified	Oostelijke leemstreek	0.019764459097883	3	1.48545289039612	0	1	164	reserve set	196824.735444321	163900.004442827
Ol_6096.2	highway	track	Oostelijke leemstreek	0.0599496962137385	3	1.50318992137909	1	1	27	eerste set	201284.012948832	159951.11608207
Ol_6108.4	highway	track	Oostelijke leemstreek	0.163107387315468	4	1.55015540122986	1	1	130	reserve set	197275.499051957	160890.517170779
Ol_617.2	highway	cycleway	Oostelijke leemstreek	0	3	1.41237783432007	0	1	276	reserve set	231466.583751664	161920.025905186
Ol_619.4	highway	unclassified	Oostelijke leemstreek	0	3	1.39801466464996	0	1	156	reserve set	226776.7122715	161055.436351321
Ol_6252.10	highway	unclassified	Oostelijke leemstreek	0.0408773074232374	4	1.55164039134979	1	1	205	reserve set	202015.120915201	162531.928961387
Ol_6252.18	highway	unclassified	Oostelijke leemstreek	0.0877552991789063	4	1.56458210945129	1	1	157	reserve set	201784.542544878	162204.194673381
Ol_6260.3.14	waterway	stream	Oostelijke leemstreek	0.0885196497106523	3	1.4643828868866	1	1	32	eerste set	197072.147740853	164792.590392496
Ol_6337.16	highway	track	Oostelijke leemstreek	0.00756462452214691	4	1.5203572511673	1	1	24	eerste set	185081.121321294	167758.411701495
Ol_6341.22	highway	unclassified	Oostelijke leemstreek	0.00234952961072816	4	1.567009806633	1	1	15	eerste set	202158.738372211	160655.444453742
Ol_6349.1	highway	track	Oostelijke leemstreek	0.0313392258364177	3	1.43093168735504	1	1	59	eerste set	181191.418798567	168798.807262997
Ol_6356.7	highway	unclassified	Oostelijke leemstreek	0.0469567987777344	3	1.4933819770813	1	1	123	reserve set	215429.853722265	162523.222792668
Ol_6358.22	highway	tertiary	Oostelijke leemstreek	0	3	1.48485708236694	1	1	9	eerste set	215565.122673622	163959.145804022
Ol_6360.10	highway	unclassified	Oostelijke leemstreek	0.0157086584096963	4	1.54726469516754	1	1	109	reserve set	216021.081590024	164339.224755478
Ol_6365.12	highway	path	Oostelijke leemstreek	0.0645190208301918	3	1.49393534660339	1	1	60	eerste set	215540.105042396	164663.850383732
Ol_639.2	highway	unclassified	Oostelijke leemstreek	0	4	1.52817165851593	1	1	95	eerste set	225150.223395504	163128.715733567
Ol_640	highway	unclassified	Oostelijke leemstreek	0.31848396814194	4	1.55263292789459	1	1	22	eerste set	223679.979709248	162014.193985366
Ol_6418.8	highway	unclassified	Oostelijke leemstreek	0	3	1.4920562505722	0	1	269	reserve set	213174.679457379	163344.257467446
Ol_642.7	highway	unclassified	Oostelijke leemstreek	0.397195941585961	3	1.46992325782776	1	1	15	eerste set	223329.834950268	161878.589070759
Ol_6421.7	highway	unclassified	Oostelijke leemstreek	0	4	1.51260495185852	0	1	59	reserve set	211026.165265595	164661.536248879
Ol_6445.4	highway	unclassified	Oostelijke leemstreek	0.0903781598003521	3	1.49519789218903	1	1	117	reserve set	209196.884846571	162288.74129555
Ol_645.6	highway	unclassified	Oostelijke leemstreek	0.0519713037149416	4	1.5510880947113	1	1	202	reserve set	224431.775002987	163121.111447672
Ol_6455.6	highway	track	Oostelijke leemstreek	0.00483541178935423	3	1.47524881362915	1	1	84	reserve set	190172.944897253	162105.152009704
Ol_6481.2	highway	unclassified	Oostelijke leemstreek	0.0365726020146827	4	1.55775582790375	1	1	141	reserve set	191384.643734871	161140.773167975
Ol_6497.4	highway	footway	Oostelijke leemstreek	0	3	1.37592792510986	0	1	210	reserve set	213038.272024256	166534.916003381
Ol_6600	highway	path	Oostelijke leemstreek	0	3	1.43747496604919	0	1	154	reserve set	219371.970595038	165209.319149206
Ol_6671.7	highway	unclassified	Oostelijke leemstreek	0	4	1.53859651088715	1	1	111	reserve set	220609.00425763	164362.131532826
Ol_6699.11	highway	unclassified	Oostelijke leemstreek	0	3	1.47463071346283	0	1	211	reserve set	231579.532699441	169377.967873702
Ol_670.18	highway	unclassified	Oostelijke leemstreek	0	4	1.51183450222015	1	1	97	eerste set	224919.193063486	159400.150233811
Ol_673.21	highway	unclassified	Oostelijke leemstreek	0.0193177501671086	4	1.54484558105469	1	1	20	eerste set	226296.409486467	158970.860995179
Ol_675.15	highway	unclassified	Oostelijke leemstreek	0.0364313518036912	3	1.48218870162964	1	1	5	eerste set	225422.316433132	157887.35928827
Ol_6759	highway	unclassified	Oostelijke leemstreek	0	3	1.44154226779938	0	1	15	eerste set	191302.501444331	162619.813445015
Ol_676.10	highway	unclassified	Oostelijke leemstreek	0	4	1.52789747714996	1	1	21	eerste set	226560.261559656	159603.793098579
Ol_6768.5	highway	unclassified	Oostelijke leemstreek	0.0780700003802228	4	1.54725790023804	1	1	128	reserve set	211056.496065928	162858.077588785
Ol_677.9	highway	unclassified	Oostelijke leemstreek	0.0284939929255741	4	1.56834506988525	1	1	34	eerste set	224552.318684908	161405.114207395
Ol_678.27	highway	unclassified	Oostelijke leemstreek	0.0888694124173438	4	1.56847894191742	1	1	84	eerste set	224192.196471298	161303.6822833
Ol_6782.3	highway	unclassified	Oostelijke leemstreek	0	4	1.55582165718079	1	1	94	eerste set	203939.786295557	158294.042928078
Ol_6787.1	highway	unclassified	Oostelijke leemstreek	0.0390616584143451	3	1.41653144359589	1	1	31	eerste set	203278.063214695	159261.274443088
Ol_680.2	highway	unclassified	Oostelijke leemstreek	0.0124638458131622	3	1.41400539875031	0	1	74	eerste set	224289.295431868	159137.291060194
Ol_683.2	highway	track	Oostelijke leemstreek	0.0352035515251516	3	1.43986880779266	0	1	52	eerste set	182251.606928301	168159.20875883
Ol_6900	highway	unclassified	Oostelijke leemstreek	0	3	1.40810358524323	0	1	153	eerste set	213860.21475418	165231.235146345
Ol_6911.8	highway	track	Oostelijke leemstreek	0.0330028182952845	3	1.47007477283478	1	1	80	reserve set	185509.430286869	166345.458194286
Ol_6935.8	highway	track	Oostelijke leemstreek	0	3	1.38298177719116	1	1	38	eerste set	217098.483495648	161817.879220983
Ol_6988.2	highway	track	Oostelijke leemstreek	0	4	1.51402902603149	0	1	15	eerste set	210440.402407119	159386.00742351
Ol_7035.6	highway	unclassified	Oostelijke leemstreek	0.0256813525501099	4	1.51330149173737	1	1	39	eerste set	186376.350391925	163958.590126608
Ol_7050.7	highway	tertiary	Oostelijke leemstreek	0	3	1.45641350746155	0	1	123	eerste set	188086.56520864	165771.305230122
Ol_7084.8	highway	unclassified	Oostelijke leemstreek	0.0222837511739471	4	1.52891111373901	1	1	75	eerste set	235151.060673477	163770.73474063
Ol_7094.5	highway	unclassified	Oostelijke leemstreek	0.0197377883562828	4	1.52913773059845	1	1	13	eerste set	217911.847627668	159448.790824828
Ol_7135.7	highway	unclassified	Oostelijke leemstreek	0	4	1.51730346679688	0	1	53	reserve set	213969.83489255	163672.495335619
Ol_7143.8	highway	unclassified	Oostelijke leemstreek	0.0444791475313444	4	1.51164650917053	0	1	23	eerste set	213799.461601155	161169.155842953
Ol_7182.5	highway	track	Oostelijke leemstreek	0	3	1.46363484859467	1	1	18	eerste set	217405.772891977	158865.957631019
Ol_7184.1	highway	unclassified	Oostelijke leemstreek	0	3	1.45642948150635	0	1	68	eerste set	215123.723234841	158853.488138897
Ol_7193.2	highway	unclassified	Oostelijke leemstreek	0.0669929611506009	4	1.53721380233765	1	1	150	reserve set	222544.130177361	160978.427723698
Ol_7194.5	highway	unclassified	Oostelijke leemstreek	0.210788748108794	3	1.49836349487305	1	1	140	reserve set	222730.846524879	161397.800446551
Ol_7210.12	highway	cycleway	Oostelijke leemstreek	0.089582029851478	4	1.55189156532288	1	1	67	eerste set	198269.585361378	159730.778743755
Ol_7274.5	highway	unclassified	Oostelijke leemstreek	0.0678778186635882	4	1.53003859519958	1	1	10	eerste set	200102.487639685	165553.373420965
Ol_7276.1.4	highway	unclassified	Oostelijke leemstreek	0.311021841926176	4	1.54607892036438	1	1	81	eerste set	197631.845591123	164211.746193318
Ol_7278.2	highway	unclassified	Oostelijke leemstreek	0.0341067041197904	4	1.56694614887238	1	1	87	eerste set	197259.939564849	163779.206729914
Ol_7280.3	highway	unclassified	Oostelijke leemstreek	0.0127519709296253	4	1.55948603153229	1	1	85	eerste set	198027.87483336	163600.111740568
Ol_7328.11	highway	unclassified	Oostelijke leemstreek	0.0556033093269013	4	1.56058728694916	1	1	66	eerste set	196127.772660421	160867.979155538
Ol_7339.2	highway	track	Oostelijke leemstreek	0	3	1.49676394462585	0	1	64	eerste set	230817.263315579	161750.498933705
Ol_7391.1	highway	track	Oostelijke leemstreek	0	4	1.51091206073761	0	1	36	reserve set	192752.635236067	168071.138289581
Ol_7408.3	highway	cycleway	Oostelijke leemstreek	0.00680371235815984	3	1.49482560157776	1	1	39	eerste set	199816.354319671	156357.058201866
Ol_7414.1.5	highway	cycleway	Oostelijke leemstreek	0.0302570961364846	4	1.51932942867279	1	1	201	reserve set	199874.719632985	158288.2657853
Ol_7423.8	highway	tertiary	Oostelijke leemstreek	0.0144871928057098	4	1.54327929019928	1	1	164	reserve set	202231.568481393	159947.114593136
Ol_7430.9	highway	unclassified	Oostelijke leemstreek	0.0757935810341782	4	1.52077484130859	1	1	137	reserve set	202963.197386548	159809.726628163
Ol_7438.8	highway	track	Oostelijke leemstreek	0.0772004804110312	4	1.52092552185059	1	1	173	reserve set	186150.067776541	162265.568918359
Ol_7475.3	highway	unclassified	Oostelijke leemstreek	0.00230486488739876	4	1.54207789897919	1	1	105	eerste set	202790.077358008	156036.353972395
Ol_748.13	highway	unclassified	Oostelijke leemstreek	0	4	1.55313122272491	1	1	53	eerste set	221809.51879492	162979.996169887
Ol_748.30	highway	unclassified	Oostelijke leemstreek	0.0404764677037929	3	1.50685799121857	1	1	98	reserve set	221452.106501516	162211.265453455
Ol_749.18	highway	unclassified	Oostelijke leemstreek	0	4	1.56621932983398	1	1	52	eerste set	219516.384062264	160290.64619764
Ol_7497.3	highway	path	Oostelijke leemstreek	0	3	1.36368811130524	0	1	181	reserve set	182822.510647685	165856.707013429
Ol_7536.6	highway	unclassified	Oostelijke leemstreek	0	3	1.49368727207184	0	1	38	eerste set	213514.13085682	168159.082544954
Ol_7545.4	highway	unclassified	Oostelijke leemstreek	0	3	1.38016772270203	1	1	3	eerste set	202531.760672037	156439.132696895
Ol_7703.10	highway	unclassified	Oostelijke leemstreek	0	4	1.54458141326904	1	1	174	reserve set	188838.408517521	161036.685948339
Ol_7734	highway	unclassified	Oostelijke leemstreek	0	3	1.43563961982727	0	1	99	eerste set	201304.707857306	157479.455071378
Ol_7760.4	highway	unclassified	Oostelijke leemstreek	0	3	1.43595612049103	0	1	1	eerste set	212418.656970306	162286.501815562
Ol_7768.9	highway	unclassified	Oostelijke leemstreek	0.0206332969546775	3	1.50901198387146	1	1	48	eerste set	211480.949033421	161338.774400934
Ol_778.1	highway	unclassified	Oostelijke leemstreek	0.0617546800507706	4	1.55343878269196	1	1	47	eerste set	236655.810903357	166767.962725994
Ol_782.5	highway	tertiary	Oostelijke leemstreek	0	3	1.48604595661163	1	1	28	eerste set	235541.903247073	165814.625638812
Ol_786.9	highway	unclassified	Oostelijke leemstreek	0.00981127512823775	4	1.54726409912109	1	1	200	reserve set	236423.555827442	166091.356893205
Ol_7868	highway	tertiary	Oostelijke leemstreek	0.0129389370545965	4	1.53003752231598	1	1	172	reserve set	206079.402112667	158483.715509929
Ol_7868.17	highway	tertiary	Oostelijke leemstreek	0.0845760836927737	3	1.45877707004547	1	1	107	reserve set	206856.849714649	158847.874627186
Ol_7921.1.6	highway	track	Oostelijke leemstreek	0	3	1.41995918750763	0	1	174	reserve set	219020.714266659	162962.221189737
Ol_7928.4	highway	unclassified	Oostelijke leemstreek	0	4	1.55911540985107	1	1	78	eerste set	204980.288382392	164036.59098409
Ol_7941.5	highway	track	Oostelijke leemstreek	0	3	1.46800589561462	0	1	54	eerste set	182768.031828924	168416.422642868
Ol_8128.6	highway	unclassified	Oostelijke leemstreek	0	3	1.4873378276825	0	1	292	reserve set	194514.948020271	165703.59989723
Ol_815.5	highway	unclassified	Oostelijke leemstreek	0	3	1.45710802078247	1	1	76	reserve set	236174.818119747	169318.81543685
Ol_818.1	highway	unclassified	Oostelijke leemstreek	0.0209713930947747	4	1.55353379249573	1	1	89	eerste set	236330.379691795	168743.706420454
Ol_819.22	highway	unclassified	Oostelijke leemstreek	0.00790733330038103	4	1.53288531303406	1	1	35	eerste set	235189.922105771	168878.946141577
Ol_8195.4	highway	track	Oostelijke leemstreek	0	3	1.43004298210144	0	1	43	eerste set	217089.290733423	170002.704668977
Ol_8199.3	highway	track	Oostelijke leemstreek	0	3	1.46881282329559	0	1	90	eerste set	217031.10328198	170312.604617775
Ol_8233	highway	unclassified	Oostelijke leemstreek	0.0178921329959528	4	1.53149235248566	1	1	44	eerste set	200047.803558761	165054.688422814
Ol_8234.5	highway	unclassified	Oostelijke leemstreek	0.23443837660101	4	1.51204681396484	1	1	208	reserve set	200680.227169887	163817.786753806
Ol_827.8	highway	tertiary	Oostelijke leemstreek	0.0565254645058346	4	1.51933252811432	1	1	100	eerste set	237039.102525334	169361.27478802
Ol_8293	highway	track	Oostelijke leemstreek	0	3	1.42963600158691	0	1	246	reserve set	216260.636805588	168296.181267637
Ol_8297.10	highway	unclassified	Oostelijke leemstreek	0	3	1.38315081596375	0	1	251	reserve set	217622.527899025	168645.460284721
Ol_8301.3.1	highway	unclassified	Oostelijke leemstreek	0	3	1.3542275428772	0	1	8	eerste set	219561.91606176	168747.31384579
Ol_8311.15	highway	unclassified	Oostelijke leemstreek	0	3	1.50257349014282	0	1	133	eerste set	214707.167772553	164845.779677396
Ol_8317.12	highway	unclassified	Oostelijke leemstreek	0	3	1.49296796321869	1	1	127	reserve set	218212.765141581	162695.891524702
Ol_8318.1	highway	track	Oostelijke leemstreek	0	3	1.38685572147369	0	1	41	eerste set	214968.610172906	161562.633416749
Ol_8337.13	highway	unclassified	Oostelijke leemstreek	0	3	1.40743732452393	0	1	81	eerste set	212107.425946439	157292.81978346
Ol_8360.7	highway	unclassified	Oostelijke leemstreek	0.103721376435508	4	1.56473529338837	1	1	30	eerste set	198442.975686184	157864.724039111
Ol_8364.5	highway	tertiary	Oostelijke leemstreek	0.444962766531481	4	1.56185054779053	1	1	169	reserve set	198599.417463	159414.84834572
Ol_8395.3	highway	track	Oostelijke leemstreek	0	3	1.43942964076996	0	1	109	eerste set	231170.578663945	171980.137633415
Ol_8423.5	highway	unclassified	Oostelijke leemstreek	0	3	1.4785567522049	1	1	118	reserve set	235832.239760117	164799.141903412
Ol_8445.5	highway	unclassified	Oostelijke leemstreek	0.00496387913398007	3	1.48734986782074	0	1	228	reserve set	231290.062743332	166252.863283087
Ol_8460.2	highway	unclassified	Oostelijke leemstreek	0	3	1.49785733222961	0	1	235	reserve set	231120.517022174	169312.540697896
Ol_8473.10	highway	unclassified	Oostelijke leemstreek	0	3	1.49835002422333	1	1	54	eerste set	234259.056510993	169277.951638025
Ol_8510.2	highway	track	Oostelijke leemstreek	0.106484811505016	3	1.38610470294952	1	1	86	reserve set	201739.407285485	155798.602111061
Ol_8593.12	highway	unclassified	Oostelijke leemstreek	0	4	1.5506694316864	0	1	5	eerste set	231747.794148446	171374.671485165
Ol_8682.1	highway	unclassified	Oostelijke leemstreek	0	3	1.35525596141815	0	1	128	eerste set	230763.800789727	170631.271523328
Ol_8721.7	highway	unclassified	Oostelijke leemstreek	0	3	1.45580577850342	0	1	31	eerste set	232792.431415924	172206.631100319
Ol_8734.2	highway	unclassified	Oostelijke leemstreek	0.00738296778308589	3	1.4531022310257	0	1	237	reserve set	234953.538062099	170892.548859728
Ol_8741.5	highway	unclassified	Oostelijke leemstreek	0.0374181481598922	3	1.48391830921173	1	1	14	eerste set	236856.558610327	171487.086803367
Ol_8795.7	highway	track	Oostelijke leemstreek	0	3	1.50926470756531	0	1	170	reserve set	223125.525566205	168350.726141475
Ol_8798.2	highway	track	Oostelijke leemstreek	0	3	1.49127042293549	0	1	23	eerste set	223396.482666086	168501.109428357
Ol_8799.1	highway	track	Oostelijke leemstreek	0	3	1.44115388393402	0	1	122	eerste set	222598.548764381	169117.057338262
Ol_8824.2	highway	unclassified	Oostelijke leemstreek	0.0394781453785066	3	1.39312636852264	0	1	250	reserve set	222247.867231689	167271.95555786
Ol_8829.1	highway	unclassified	Oostelijke leemstreek	0	3	1.35087752342224	0	1	295	reserve set	223333.02107921	166364.986946032
Ol_8888.15	highway	track	Oostelijke leemstreek	0	3	1.4112845659256	0	1	229	reserve set	222236.404137051	169920.422756224
Ol_8952.2	highway	tertiary	Oostelijke leemstreek	0	3	1.39624726772308	0	1	34	eerste set	218699.513249285	163712.601309747
Ol_8995.5	highway	unclassified	Oostelijke leemstreek	0.000195917280043317	3	1.50321829319	1	1	110	reserve set	204660.209595401	156284.56839111
Ol_9000.5	highway	unclassified	Oostelijke leemstreek	0.205115743661763	4	1.53462064266205	1	1	118	reserve set	206722.622119048	158527.793494234
Ol_9050.2	highway	unclassified	Oostelijke leemstreek	0	3	1.39271557331085	0	1	166	reserve set	209338.673562973	161248.527578577
Ol_9053.1	highway	unclassified	Oostelijke leemstreek	0	3	1.41430032253265	0	1	227	reserve set	210039.455795002	160858.163348332
Ol_9077.8	highway	unclassified	Oostelijke leemstreek	0	4	1.55231595039368	1	1	59	eerste set	210402.16138532	161727.41863485
Ol_9079.2	highway	track	Oostelijke leemstreek	0.0830830128820526	4	1.53512561321259	1	1	86	eerste set	209865.835673619	163126.242487315
Ol_9132.8	highway	tertiary	Oostelijke leemstreek	0	3	1.42937958240509	0	1	112	eerste set	218111.748006763	167576.90470507
Ol_9185	highway	unclassified	Oostelijke leemstreek	0	3	1.41504943370819	0	1	56	eerste set	216867.564795047	166043.801494985
Ol_9345.1.3	highway	unclassified	Oostelijke leemstreek	0	3	1.40365946292877	0	1	50	eerste set	233477.646365988	171091.35957245
Ol_937.14	highway	unclassified	Oostelijke leemstreek	0.0291108671834497	4	1.5640674829483	1	1	119	reserve set	195613.980415224	161505.433590084
Ol_9473.2	highway	unclassified	Oostelijke leemstreek	0	3	1.4551203250885	0	1	118	eerste set	202842.931095604	165927.342038816
Ol_9474.7	highway	unclassified	Oostelijke leemstreek	0	3	1.47689783573151	0	1	139	eerste set	203305.349960399	166159.530106866
Ol_9501.1	highway	track	Oostelijke leemstreek	0.0253752977016646	3	1.46920788288116	1	1	58	eerste set	204844.989614281	164954.012541881
Ol_9532.15	highway	unclassified	Oostelijke leemstreek	0.0289861370625008	4	1.54475927352905	1	1	14	eerste set	205683.138219579	156237.107481151
Ol_9534	highway	unclassified	Oostelijke leemstreek	0.190961905693713	3	1.38260972499847	0	1	217	reserve set	205032.589781983	155587.944002574
Ol_9536.1	highway	unclassified	Oostelijke leemstreek	0.132970672864851	4	1.56444716453552	1	1	71	eerste set	204148.046809926	155552.449363887
Ol_9539.7	highway	track	Oostelijke leemstreek	0	4	1.5154060125351	0	1	34	reserve set	198933.18911044	165105.973653791
Ol_9615.10	highway	unclassified	Oostelijke leemstreek	0	4	1.5194137096405	0	1	17	eerste set	205629.234575381	162277.627082735
Ol_9617.9	highway	unclassified	Oostelijke leemstreek	0.125099561116163	3	1.47001004219055	1	1	77	reserve set	204905.372836148	158889.4016949
Ol_9621.5	highway	unclassified	Oostelijke leemstreek	0.00332882196871849	3	1.48956918716431	1	1	19	eerste set	202679.716422196	162401.096079827
Ol_9631.2	highway	unclassified	Oostelijke leemstreek	0	3	1.46587789058685	1	1	8	eerste set	204642.442309405	159604.52054425
Ol_9635.4	highway	track	Oostelijke leemstreek	0.0132488668187941	3	1.44871282577515	0	1	169	reserve set	205039.979524044	165487.153599625
Ol_9663.13	highway	track	Oostelijke leemstreek	0	4	1.5362434387207	1	1	45	eerste set	209613.882436152	162379.79945662
Ol_9676.2	highway	unclassified	Oostelijke leemstreek	0	3	1.42045950889587	0	1	172	reserve set	210859.854327776	166007.456202312
Ol_9689.8	highway	unclassified	Oostelijke leemstreek	0	3	1.48584794998169	0	1	11	eerste set	211805.184693143	163154.482418582
Ol_9702.6	highway	unclassified	Oostelijke leemstreek	0	4	1.54950177669525	0	1	1	eerste set	212126.653850074	163772.817597197
Ol_9793	highway	track	Oostelijke leemstreek	0	3	1.50279796123505	0	1	69	eerste set	204003.825209646	167664.504656352
Ol_9797.2	highway	track	Oostelijke leemstreek	0.00617985004771363	4	1.52116906642914	0	1	4	eerste set	206063.187105398	166064.090833329
Ol_9833.1	highway	unclassified	Oostelijke leemstreek	2.36046375142537e-05	3	1.46610999107361	0	1	60	eerste set	207773.367158323	158266.916608031
Ol_9862.14	highway	unclassified	Oostelijke leemstreek	0.150212440060094	4	1.55824983119965	1	1	131	reserve set	205868.048826728	160385.90145791
Ol_9942.2	highway	track	Oostelijke leemstreek	0	3	1.43732905387878	1	1	67	eerste set	208669.45042992	161585.004233911
Ol_9963.2	highway	unclassified	Oostelijke leemstreek	0.00314177453616428	3	1.50812208652496	1	1	114	reserve set	215185.14330295	164872.816853537
Ol_9976.1	highway	tertiary	Oostelijke leemstreek	0	4	1.52073121070862	1	1	16	eerste set	200652.180268934	162541.407324799
Ol_9986.6	highway	unclassified	Oostelijke leemstreek	0.116095360926665	4	1.51241362094879	0	1	7	eerste set	194627.692277974	166548.749423915
Ol_9987	highway	track	Oostelijke leemstreek	0.00434748284945197	3	1.35954678058624	0	1	25	eerste set	186059.001943304	162949.985837762
